frame,capture_epoch,latitude,longitude,altitude_m,fix,satellites,time_usec,u_m,v_m
16,1788979505.386979,10.7687368,106.6524334,30.125,3,11,130000,-132.1816220077,44.4098003486559
87,1788979506.071107,10.7687289,106.6524408,29.876,3,11,765000,-131.02451792572163,44.110783247924324
158,1788979506.724883,10.7687232,106.6524417,30.129,3,11,1464000,-130.59730616021156,43.631410650969165
463,1788979508.525082,10.768713,106.6524468,29.926,3,11,3212000,-129.51237937761488,42.9808098013751
677,1788979509.271072,10.7687007,106.6524489,30.177,3,11,3947000,-128.5760016950723,41.95575083858577
833,1788979510.090357,10.7686825,106.6524352,30.14,3,11,4672000,-128.73390340111263,39.44088764629298
982,1788979511.09921,10.7686996,106.6523973,29.885,3,11,5511000,-133.24799708152983,38.78863928754519
1208,1788979511.940884,10.7687234,106.6524094,30.048,3,11,6484000,-133.57554400725988,41.73195758573897
1345,1788979512.567503,10.768728,106.6524126,30.038,3,11,7305000,-133.5597530891397,42.35198552373524
1705,1788979515.382397,10.7687641,106.6526464,29.9,3,11,8016000,-114.27185421577931,59.61081575321494
1845,1788979516.205902,10.7687779,106.6526263,30.102,3,11,10770000,-116.9518682266179,59.70715312628602
2426,1788979520.08343,10.7684852,106.6528224,30.115,3,11,11623000,-81.25012180112662,43.99188385309209
2498,1788979520.93938,10.7684692,106.6528381,30.083,3,11,15520000,-78.84117559806802,43.42860109481422
2650,1788979521.713872,10.7684543,106.6528403,30.164,3,11,16360000,-77.73844539574517,42.166440217695325
2851,1788979522.431423,10.7684476,106.6528373,30.042,3,11,17149000,-77.60892555718215,41.36198745498291
2992,1788979523.484776,10.7684533,106.6527867,29.987,3,11,17806000,-82.60014816812381,38.889905571846484
3207,1788979524.231852,10.7684665,106.6527956,29.909,3,11,18869000,-82.58078739716674,40.652333345181944
3278,1788979524.938297,10.7684739,106.6528067,30.171,3,11,19601000,-82.00878932015907,42.003241832881415
3492,1788979525.664678,10.7684822,106.6528183,30.075,3,11,20317000,-81.44528043171394,43.46797241061121
3716,1788979527.26007,10.7684827,106.6528277,30.119,3,11,21958000,-80.61229199768003,44.07293373834238
4372,1788979532.002237,10.7683302,106.6532514,30.069,3,11,22678000,-32.484821085142606,54.97927111188583
4531,1788979532.722243,10.7683326,106.6532474,30.151,3,11,27455000,-32.997225346958395,54.966074539130716
4827,1788979534.288708,10.7683345,106.6532421,30.002,3,11,29020000,-33.59878528908861,54.82893839487599
4903,1788979534.950944,10.7683358,106.6532365,29.935,3,11,29681000,-34.191624730916395,54.61790037139435
5132,1788979536.066141,10.7682893,106.6532106,29.839,3,11,30358000,-33.75913867463647,48.73313339808385
5353,1788979537.839292,10.7682895,106.6532181,29.977,3,11,32553000,-33.08249459660961,49.19721933337256
5576,1788979538.494338,10.7682907,106.6532251,30.068,3,11,33211000,-32.512215890479546,49.72508966489712
5809,1788979540.080026,10.7682912,106.6532351,29.995,3,11,34771000,-31.624128733327534,50.36568223424926
5953,1788979540.755032,10.7682894,106.6532341,29.911,3,11,35486000,-31.607150353592427,50.138038055876414
6249,1788979543.139041,10.7681185,106.6531439,30.039,3,11,36136000,-29.559459496439217,28.806238732961422
6459,1788979544.037723,10.7681401,106.6531181,29.945,3,11,38510000,-33.23441956685166,29.29320067949597
6697,1788979546.008735,10.7681017,106.6530967,30.104,3,11,40383000,-32.87833621687709,24.43283251071719
6913,1788979547.52723,10.7680475,106.6531752,30.117,3,11,41434000,-22.393209229977764,24.02812785240826
7198,1788979548.661572,10.7681051,106.6531723,30.139,3,11,42907000,-26.141426399691035,29.24019103515461
7267,1788979549.301577,10.7681089,106.6531756,29.92,3,11,44031000,-26.068092546829945,29.791375834658588
7647,1788979552.093818,10.7683154,106.6532875,29.916,3,11,44706000,-28.275058039473354,55.73962307306103
7862,1788979553.035231,10.7683338,106.6532615,29.877,3,11,47523000,-31.7749450911081,55.9155812251952
8146,1788979555.058367,10.76825,106.6533939,30.093,3,11,48404000,-14.550803048942988,55.94482763186789
8371,1788979556.241779,10.7682556,106.6533804,29.935,3,11,50887000,-16.12904300874617,55.66659645431474
8582,1788979557.206452,10.768231,106.6533451,29.897,3,11,51590000,-17.88362020521962,51.27075515029354
8723,1788979557.919218,10.7682217,106.6533388,29.839,3,11,52594000,-17.89997394193565,50.027290105753906
8950,1788979559.689678,10.768196,106.6533248,29.911,3,11,54196000,-17.632051744967804,46.79353305658281
9255,1788979561.901261,10.7681332,106.6532891,29.884,3,11,56011000,-17.11418025818229,38.80311244567222
9469,1788979562.747077,10.7681137,106.6532879,29.861,3,11,57342000,-16.045607213713996,36.90904655086066
9613,1788979563.476747,10.768103,106.6532873,29.833,3,11,58152000,-15.453893410490297,35.87321036057769
9683,1788979564.291553,10.7680838,106.6533014,30.102,3,11,58846000,-12.99843787331961,34.915784245805
9990,1788979565.89091,10.7680777,106.6533117,30.004,3,11,60555000,-11.683832881854773,34.95724358815739
10215,1788979566.792676,10.7680837,106.6533415,30.185,3,11,61289000,-9.30996161181052,37.287791156117464
10297,1788979567.63803,10.768062,106.6533261,30.139,3,11,62165000,-9.41240217430647,34.34480293721854
10572,1788979568.671919,10.7680306,106.6532945,29.925,3,11,63035000,-10.416145487635642,29.533043354027093
10651,1788979569.438807,10.7680283,106.6532769,30.018,3,11,64048000,-11.89334021282685,28.272862952691032
10948,1788979571.112619,10.7680368,106.6532664,29.887,3,11,65759000,-13.371390888969398,28.44387156616182
11094,1788979571.792204,10.7680463,106.6532626,30.072,3,11,66467000,-14.294622267313937,29.106239470090543
11311,1788979572.568845,10.7680637,106.6532561,29.969,3,11,67166000,-15.943351070496496,30.346735862972924
11623,1788979574.773067,10.7680144,106.6532324,29.864,3,11,69037000,-15.139577011708262,24.330880900072234
11857,1788979576.393072,10.7680137,106.6532314,30.105,3,11,71111000,-15.189093377451384,24.206061529459056
11998,1788979577.044759,10.7680088,106.6532367,30.033,3,11,71746000,-14.406184129276223,24.062766379521857
12079,1788979577.695889,10.7680031,106.6532388,30.02,3,11,72407000,-13.868774918727532,23.654656264798675
12293,1788979578.48345,10.7679947,106.6532576,30.166,3,11,73063000,-11.634570223568272,23.98589419902683
12423,1788979579.265385,10.767993,106.6532775,29.926,3,11,73850000,-9.704364654995977,25.008752632266265
12639,1788979580.227043,10.7680115,106.6533137,29.962,3,11,74621000,-7.4983957867732025,28.88783049915211
12783,1788979580.882048,10.7680123,106.6533169,30.003,3,11,75597000,-7.252895749039354,29.15264546377205
12854,1788979581.573415,10.7680172,106.6533274,30.112,3,11,76232000,-6.584871972069076,30.234229965423825
13164,1788979583.390232,10.7680286,106.6533294,29.842,3,11,78048000,-7.090336926058525,31.418639688078493
13375,1788979584.16638,10.7680416,106.6533394,29.904,3,11,78779000,-6.957871878875293,33.22769598260779
13514,1788979585.044653,10.7680653,106.6533591,30.115,3,11,79525000,-6.581456674694422,36.61299562719716
13732,1788979586.476976,10.7681427,106.6533986,30.014,3,11,80438000,-7.6329362085421035,46.19384639779755
13873,1788979587.361109,10.7681664,106.6534074,30.062,3,11,81890000,-8.257481129914542,48.93184516011262
14029,1788979588.178545,10.7681836,106.6534146,29.843,3,11,82769000,-8.636032481830451,50.96722614147784
14232,1788979588.831888,10.7681892,106.6534131,29.88,3,11,83541000,-9.112297993626274,51.40161978706098
14304,1788979589.518096,10.7681991,106.6534164,30.084,3,11,84184000,-9.40770772979483,52.523014884865916
14458,1788979590.214742,10.768206,106.6534228,30.148,3,11,84890000,-9.237091426963278,53.54807343457808
14757,1788979592.25429,10.7682413,106.6534188,29.924,3,11,86686000,-11.738293078655868,56.610273388515154
14973,1788979592.890279,10.768245,106.6534146,30.104,3,11,87600000,-12.34764827945638,56.70671996349145
15130,1788979593.70506,10.768257,106.6533938,29.933,3,11,88245000,-14.983134549653304,56.5932287785782
15341,1788979594.73792,10.7682156,106.6533825,29.952,3,11,89099000,-13.51820673213058,52.05222187555445
15580,1788979596.68172,10.7681927,106.6533922,29.868,3,11,91211000,-11.243144349824783,50.48763472864505
15709,1788979597.409122,10.768183,106.6533899,30.117,3,11,92074000,-10.867993363536485,49.44432045236597
15852,1788979598.123772,10.7681728,106.6533819,29.97,3,11,92761000,-10.986055355316193,48.01577083624189
16148,1788979600.105211,10.7681467,106.6533684,30.036,3,11,94590000,-10.648037647660555,44.774315649673326
16363,1788979600.923535,10.768132,106.6533567,29.931,3,11,95506000,-10.833851136231356,42.705393104209136
16439,1788979601.588044,10.7681249,106.6533508,29.981,3,11,96259000,-10.94646188334485,41.69133183575767
16583,1788979602.379534,10.7681204,106.6533342,29.827,3,11,96978000,-12.19883591227536,40.284887221437835
16799,1788979603.123548,10.768132,106.6533254,29.984,3,11,97744000,-13.708167825615675,40.846630021168494
16869,1788979603.798553,10.7681357,106.6533252,29.876,3,11,98503000,-13.950198210848734,41.18061820357558
17081,1788979604.49265,10.7681458,106.6533288,30.07,3,11,99148000,-14.230148539775476,42.338524341271125
17303,1788979606.175594,10.7681659,106.6533315,30.163,3,11,100742000,-15.197244639722344,44.37775459787367
17464,1788979607.014656,10.7681907,106.6533447,29.959,3,11,101509000,-15.484227007729192,47.47987393746981
17602,1788979607.770434,10.7682025,106.6533576,29.888,3,11,102363000,-15.012911744907202,49.3489753807251
17746,1788979608.43017,10.7682093,106.6533591,29.986,3,11,103118000,-15.286223366247789,50.073697750568066
17961,1788979609.270146,10.7682157,106.6533841,30.13,3,11,103787000,-13.377321783365348,52.15658622810629
18250,1788979611.424107,10.7681706,106.6535491,30.008,3,11,104616000,4.501111465985559,57.73936043648371
18321,1788979612.173956,10.768163,106.6535406,29.896,3,11,106819000,4.179964472346835,56.524158573608545
18621,1788979612.878503,10.7681561,106.6535309,30.171,3,11,107518000,3.7063051969331404,55.30312819793476
18702,1788979614.619513,10.7681511,106.6535286,29.933,3,11,109317000,3.7973422703818933,54.699156282611696
19010,1788979616.364074,10.7681364,106.6535133,29.918,3,11,110918000,3.280936447017382,52.416446289953456
19308,1788979617.890212,10.7681179,106.6534988,29.992,3,11,112422000,3.067704707424042,49.82603164608017
19606,1788979619.273058,10.7681125,106.6534865,29.908,3,11,113898000,2.264609648086026,48.590814872165986
19675,1788979619.970655,10.7681036,106.6534766,30.163,3,11,114595000,1.8934836691394281,47.17095321960254
19892,1788979620.68801,10.7681002,106.65347,30.032,3,11,115367000,1.4929269349543226,46.461187432463255
20033,1788979621.333011,10.7680922,106.6534683,29.895,3,11,116004000,1.8204120375661397,45.612415464569246
20104,1788979622.008841,10.7680867,106.653463,30.058,3,11,116683000,1.6661803837159184,44.783548794585755
20394,1788979623.138134,10.7680489,106.6534247,30.056,3,11,117388000,0.4340465222720198,38.97565359038096
20630,1788979624.763386,10.7680457,106.6534124,29.876,3,11,119392000,-0.5020380294348286,37.946086431308245
20769,1788979625.846074,10.7679962,106.6533927,29.917,3,11,120097000,0.6811507998906006,32.149077657180165
20981,1788979626.982428,10.7679666,106.6534381,29.959,3,11,121229000,6.63960062087793,32.07825280536139
21199,1788979628.157756,10.7679124,106.6534097,29.879,3,11,122335000,7.307971886312693,25.3252486722587
21353,1788979628.980844,10.7679056,106.6534268,30.119,3,11,123555000,9.289343904632561,25.70509478017305
21575,1788979630.083464,10.7679489,106.6534636,29.897,3,11,124303000,10.051257231113006,31.938035920209945
21720,1788979630.866354,10.7679478,106.6534776,30.146,3,11,125480000,11.403388835099701,32.66660674082374
22019,1788979632.810073,10.7679865,106.6534965,30.115,3,11,127152000,10.799592544790965,37.40655453437747
22320,1788979634.524714,10.7680011,106.6534861,29.96,3,11,129100000,8.961981398288343,38.15371198498744
22390,1788979635.402182,10.7680131,106.6534618,29.866,3,11,129894000,6.005085914469898,37.83237189357225
22610,1788979636.290291,10.7680348,106.6534377,30.029,3,11,130731000,2.4801939139948708,38.42963673335077
22846,1788979638.010317,10.7680517,106.6534547,29.863,3,11,132529000,3.019723293280098,41.01895152485523
23060,1788979638.691456,10.7680615,106.6534596,30.06,3,11,133329000,2.877288460953892,42.22601555638778
23131,1788979639.377727,10.7680648,106.6534685,30.086,3,11,134030000,3.4951019407690325,43.06302005771388
23293,1788979640.017733,10.7680681,106.6534726,30.036,3,11,134706000,3.672125640751851,43.614974629613954
23490,1788979640.737128,10.768077,106.6534744,29.936,3,11,135391000,3.29941886619374,44.553814525613745
23632,1788979641.431068,10.7680867,106.6534812,30.142,3,11,136060000,3.3375082987238294,45.86436311109638
23772,1788979642.081074,10.7680871,106.6534851,29.946,3,11,136768000,3.67147008687985,46.13335701801525
23913,1788979642.809995,10.7680936,106.6534922,30.088,3,11,137458000,3.930548140133567,47.16259451002635
24054,1788979643.468359,10.768099,106.6534956,29.982,3,11,138146000,3.9163454830069995,47.86928120622555
24194,1788979644.113403,10.7681017,106.6535022,30.102,3,11,138784000,4.359217055233469,48.513613024775395
24341,1788979644.924686,10.7681138,106.6535142,30.179,3,11,139504000,4.7297493034262885,50.35731073544038
24560,1788979646.739734,10.7681062,106.6536502,30.082,3,11,140235000,17.678211306091807,57.7232994629443
24848,1788979647.927454,10.7680568,106.6536105,29.932,3,11,142080000,17.018731075527597,50.74793035803765
24920,1788979648.714951,10.7680658,106.6536225,30.17,3,11,143312000,17.57665760659774,52.301849064759665
25218,1788979649.980605,10.7680595,106.6536258,29.937,3,11,144649000,18.260534123286657,51.908915173596114
25290,1788979650.780847,10.7680496,106.6536466,29.835,3,11,145304000,20.769075879252117,52.218708264443706
25517,1788979651.6029,10.7680345,106.6536565,29.803,3,11,146169000,22.590996306773047,51.39511956313969
25660,1788979652.298083,10.7680226,106.653656,29.964,3,11,146921000,23.26443295228191,50.25304939502815
25895,1788979653.800309,10.7680003,106.6536411,29.897,3,11,148286000,23.244177852940883,47.28366761821969
26030,1788979654.606598,10.7679901,106.653626,29.831,3,11,149173000,22.474114311440943,45.433481647555695
26184,1788979655.285158,10.767991,106.6536169,29.972,3,11,149934000,21.584045562123507,44.97720387755796
26394,1788979656.014685,10.7679996,106.6536017,30.145,3,11,150587000,19.668343248093212,44.87844881002596
26611,1788979657.138006,10.7679501,106.6535949,30.012,3,11,151406000,22.036154610755673,39.84751172188757
26683,1788979657.838567,10.7679398,106.653596,30.12,3,11,152474000,22.759801552007296,38.95002155342384
26825,1788979658.676662,10.7679183,106.6536041,29.897,3,11,153194000,24.803304332525386,37.421285701058565
27040,1788979659.379591,10.7679118,106.6535956,30.008,3,11,154012000,24.415662594606058,36.308908646953036
27180,1788979660.369429,10.7678768,106.6535799,29.942,3,11,154744000,25.08965459354345,32.10485940229407
27404,1788979661.097637,10.7678717,106.6535673,30.061,3,11,155703000,24.240875242694383,30.879870137410553
27478,1788979661.88546,10.7678763,106.6535518,29.845,3,11,156466000,22.539422642555714,30.389391057123426
27620,1788979662.614155,10.7678819,106.6535389,30.161,3,11,157213000,21.01628140445827,30.146791120513384
27834,1788979663.341515,10.7678902,106.6535322,30.035,3,11,157971000,19.899279256723304,30.524768841040448
28226,1788979666.007025,10.7678958,106.65353,30.052,3,11,160678000,19.358731903247183,30.917592705998338
28298,1788979666.683415,10.7679051,106.6535309,30.195,3,11,161323000,18.87919713842514,31.840376580168837
28443,1788979667.359304,10.7679072,106.653524,30.025,3,11,162019000,18.11861731551282,31.626919212103587
28741,1788979669.443974,10.7678732,106.6534998,29.92,3,11,163784000,17.951594311311137,27.01157114898495
28955,1788979670.121994,10.7678638,106.6535006,30.104,3,11,164758000,18.593287099842716,26.18039474839027
29099,1788979670.87648,10.7678513,106.6535081,30.182,3,11,165466000,20.03764323900047,25.457321537145837
29315,1788979671.799618,10.7678319,106.6535315,30.159,3,11,166245000,23.359218928486612,25.033484241500645
29385,1788979672.504523,10.7678243,106.6535408,29.974,3,11,167118000,24.672667369082056,24.875342534899374
29540,1788979673.159947,10.7678286,106.6535465,29.945,3,11,167817000,24.936171227429,25.615790848286736
29758,1788979673.87884,10.7678309,106.6535593,29.892,3,11,168482000,25.972576171590266,26.590921319186798
29828,1788979674.582776,10.767829,106.6535728,30.193,3,11,169180000,27.32715198850476,27.21501776053126
29971,1788979675.235294,10.7678335,106.6535771,29.918,3,11,169898000,27.45000220721635,27.891021930482378
30184,1788979675.928874,10.7678425,106.6535864,29.961,3,11,170530000,27.75998448621246,29.28460005117591
30256,1788979676.645395,10.7678489,106.6535882,29.812,3,11,171303000,27.538402134627674,29.989747202915034
30401,1788979677.406142,10.7678556,106.6536002,30.007,3,11,171999000,28.235363133701405,31.328668584034556
30703,1788979679.549154,10.7678972,106.6536165,30.033,3,11,173854000,27.21750138327825,36.185297916692804
30869,1788979680.235653,10.7679056,106.6536244,29.924,3,11,174847000,27.435189838817735,37.43965021645353
31065,1788979680.960161,10.7679181,106.6536278,30.116,3,11,175558000,26.991793824015673,38.81002430896229
31207,1788979681.658378,10.7679243,106.6536237,30.019,3,11,176307000,26.240497321306634,39.146102169057414
31286,1788979682.318296,10.7679323,106.6536246,30.105,3,11,176960000,25.839547255842334,39.94736581563406
31491,1788979683.027587,10.7679456,106.6536266,29.851,3,11,177619000,25.21922774008854,41.309382023711
31650,1788979683.890282,10.7679663,106.6536256,30.049,3,11,178413000,23.876086324271785,43.18497255210967
31866,1788979685.061253,10.7679635,106.6536316,30.042,3,11,179715000,24.59633290120079,43.279549089575994
32009,1788979685.741259,10.7679622,106.6536308,30.075,3,11,180405000,24.601452637706032,43.11052054066475
32084,1788979686.519503,10.7679662,106.6536426,30.051,3,11,181120000,25.443261771180833,44.18517667647123
32299,1788979687.228132,10.7679721,106.6536547,29.869,3,11,181818000,26.197765706407857,45.45525491977634
32441,1788979687.909095,10.7679805,106.6536589,30.188,3,11,182536000,26.07567870598145,46.489881231650884
32509,1788979688.730293,10.7680005,106.6536687,30.033,3,11,183236000,25.76662913269456,48.94140013287625
32801,1788979689.632821,10.7680221,106.6536827,29.975,3,11,184107000,25.746550987357274,51.791901079929694
32871,1788979690.444958,10.7680462,106.6536896,29.806,3,11,184924000,24.92334687052405,54.45445841771386
33083,1788979691.163074,10.768053,106.653689,30.057,3,11,185811000,24.45718972033493,55.054471442983264
33225,1788979691.856623,10.7680658,106.6536878,29.961,3,11,186449000,23.573235236135414,56.179715816025514
33528,1788979693.639258,10.7680738,106.6536855,29.861,3,11,188272000,22.878425316651143,56.79094617564482
33600,1788979694.428203,10.7680871,106.6536754,29.999,3,11,188984000,21.146948231610427,57.434399020059416
34347,1788979700.602134,10.7677985,106.6542057,30.159,3,11,189792000,87.29083902349524,61.94898719961934
34652,1788979701.81299,10.7677381,106.6541774,30.053,3,11,195905000,88.3431819746592,54.62236359831286
34792,1788979702.621179,10.7677285,106.6541987,30.184,3,11,197115000,90.8795044019661,54.9898925195085
35004,1788979703.737988,10.7677814,106.6542241,30.148,3,11,197903000,90.01422422280109,61.443220218766356
35295,1788979705.905504,10.7676733,106.6543486,29.878,3,11,199099000,107.98182913287732,58.73182846713901
35581,1788979707.53595,10.767579,106.6542929,29.924,3,11,201231000,108.56724425039964,46.60917122618548
35724,1788979708.235955,10.7675801,106.6542887,29.868,3,11,202891000,108.11505844690221,46.46257734529617
35799,1788979709.061652,10.7675991,106.6542885,30.032,3,11,203591000,106.94814660203753,48.226765129092016
36014,1788979709.891341,10.7676173,106.6542867,30.177,3,11,204426000,105.68266464383899,49.82115459005876
36316,1788979711.695528,10.7676236,106.6542793,29.885,3,11,206310000,104.62228019041046,49.970608333099406
36460,1788979712.423589,10.767625,106.6542697,30.056,3,11,207039000,103.65607095477046,49.531376411260155
36533,1788979713.133595,10.7676221,106.6542656,30.136,3,11,207787000,103.45486734724338,49.01681267869637
36751,1788979713.847481,10.7676171,106.65426,30.111,3,11,208482000,103.242861446805,48.21686893656778
37052,1788979715.886719,10.7676027,106.654233,29.831,3,11,210310000,101.63389560573519,45.26739287058096
37351,1788979717.691585,10.7675915,106.6542313,30.146,3,11,212289000,102.15481996816408,44.11949418882689
37494,1788979719.269318,10.7675012,106.6541726,29.893,3,11,212978000,102.22294239790764,32.19258913382295
37782,1788979720.188409,10.767469,106.6541637,30.104,3,11,214580000,103.3521272332785,28.654096498005195
37863,1788979720.931552,10.7674525,106.654162,29.922,3,11,215479000,104.19343536986328,27.01076919629066
38078,1788979721.760304,10.7674291,106.654159,29.837,3,11,216242000,105.33246634555304,24.64524889568847
38222,1788979722.459518,10.7674205,106.6541664,30.052,3,11,217055000,106.53188526557281,24.28079782636748
38307,1788979723.227435,10.76742,106.6541765,29.892,3,11,217834000,107.48960531265023,24.833851838237063
38512,1788979723.86244,10.7674183,106.6541801,29.995,3,11,218511000,107.92296225423854,24.888728218667016
38655,1788979724.57637,10.7674161,106.6541929,30.005,3,11,219156000,109.23139115746721,25.443211748279193
38798,1788979725.341021,10.7674033,106.6541973,29.813,3,11,219914000,110.40920549568669,24.508000662194284
38947,1788979726.203012,10.7673975,106.6542181,30.157,3,11,220703000,112.66990319871661,25.201049854315606
39372,1788979729.516745,10.7676563,106.6543634,30.088,3,11,221474000,110.3685770205571,58.02162174884302
39812,1788979732.283717,10.7675255,106.6544039,30.116,3,11,225712000,121.99457053346579,48.1999261020707
39956,1788979733.594503,10.76745,106.6543997,30.148,3,11,227588000,126.17283701169849,40.892986508373966
40174,1788979734.856331,10.7675217,106.6544061,29.93,3,11,228883000,122.42630830331494,47.97536101362797
44846,1788979776.289884,10.7692799,106.6502929,29.818,3,11,230149000,-361.57658381166766,-31.937240682651833
45014,1788979777.048284,10.7692666,106.6502914,30.177,3,11,271617000,-360.9103486938605,-33.26956418996599
45217,1788979777.796232,10.7692549,106.6502964,30.107,3,11,272370000,-359.74393037941354,-34.06631922734812
45287,1788979778.484326,10.769246,106.6502917,29.891,3,11,273082000,-359.63753409796885,-35.177376789916735
45580,1788979780.292531,10.7692415,106.6502953,30.007,3,11,274930000,-359.0349178040003,-35.38423628417658
45797,1788979781.160642,10.7692349,106.6503206,29.808,3,11,275613000,-356.3126198659733,-34.49873446034826
45941,1788979781.870648,10.7692353,106.650322,29.876,3,11,276511000,-356.20823608743956,-34.378204058239675
46167,1788979783.501975,10.7692433,106.6503332,30.089,3,11,278066000,-355.66332475046863,-32.9652707710097
46319,1788979784.198704,10.7692522,106.6503416,30.05,3,11,278777000,-355.42994557735983,-31.634487221232803
46459,1788979784.877207,10.7692577,106.6503481,29.913,3,11,279488000,-355.1655164785784,-30.734358068851293
46601,1788979785.523571,10.7692626,106.6503527,29.903,3,11,280151000,-355.03929680639715,-30.003147439341404
46745,1788979786.272133,10.7692731,106.6503642,29.832,3,11,280817000,-354.6179605302954,-28.338705786452323
47032,1788979787.794276,10.7693633,106.6504096,29.92,3,11,281550000,-355.9013929986223,-17.210974288269767
47104,1788979788.511891,10.7693732,106.6504158,30.147,3,11,283092000,-355.93049224298255,-15.91736152473996
47314,1788979789.499955,10.7694172,106.6504231,30.165,3,11,283774000,-357.9199142758784,-11.370855775135254
47456,1788979790.161508,10.7694238,106.6504271,30.137,3,11,284777000,-357.95155793241224,-10.516365319472271
47673,1788979790.960509,10.7694389,106.6504086,29.925,3,11,285428000,-360.56322671559855,-10.203491075328657
47759,1788979791.680636,10.7694355,106.6504024,29.979,3,11,286301000,-360.9270509677049,-10.8895027013873
47960,1788979792.541327,10.7694241,106.6503744,30.161,3,11,286951000,-362.80919732012387,-13.61793287571777
48255,1788979794.120613,10.7695137,106.6504294,30.078,3,11,287836000,-363.1747803689896,-1.9761877781993746
48540,1788979796.168905,10.7694232,106.6505598,29.972,3,11,289400000,-345.729287284477,-2.692008732215328
48625,1788979796.862562,10.7694294,106.6505539,30.183,3,11,291468000,-346.64587995382294,-2.462824595461342
48833,1788979798.024249,10.7694242,106.6505429,29.99,3,11,292596000,-347.34168440202734,-3.602144927627222
48976,1788979798.674254,10.7694261,106.6505451,30.108,3,11,293307000,-347.2545103137709,-3.2938905569392603
49193,1788979799.41226,10.7694296,106.6505315,30.073,3,11,293967000,-348.71498888051485,-3.774362181118903
49493,1788979801.934908,10.7693921,106.6505051,29.871,3,11,296195000,-348.8724663430107,-8.847527971938518
49564,1788979802.607723,10.7693904,106.6505129,29.847,3,11,297217000,-348.05341834492293,-8.543232903371404
49851,1788979803.291407,10.7693875,106.6505186,30.057,3,11,297914000,-347.3546761519607,-8.47581969621072
49922,1788979803.980282,10.7693893,106.6505282,29.956,3,11,298572000,-346.5819061761378,-7.737461060511379
49993,1788979804.64049,10.7693863,106.6505353,30.006,3,11,299250000,-345.74855532037265,-7.596256000163407
50284,1788979805.355496,10.769386,106.6505351,29.963,3,11,299985000,-345.7487866308075,-7.636176210122926
50574,1788979807.724015,10.7692155,106.6504452,30.003,3,11,300625000,-343.6977263201846,-28.912769073479154
50875,1788979810.018462,10.7691916,106.6503912,30.066,3,11,304158000,-347.21186187034823,-34.35368342550646
51162,1788979811.510744,10.7691462,106.6504769,29.94,3,11,305302000,-336.59750817843906,-33.50821472618759
51458,1788979813.650117,10.7691869,106.6504957,29.889,3,11,307914000,-337.331387127319,-28.587251277142656
51766,1788979815.504474,10.7692077,106.6504713,30.109,3,11,309888000,-340.8294236955821,-28.091931445166296
51837,1788979816.140533,10.7692125,106.650474,30.179,3,11,310767000,-340.87163833448494,-27.48290078927468
52197,1788979818.966193,10.7694136,106.6505941,30.116,3,11,311483000,-341.99915920266085,-1.5524695843378993
52420,1788979819.875363,10.7694298,106.6505644,30.114,3,11,314243000,-345.70583221909027,-1.8018870359413484
52932,1788979823.650293,10.7692493,106.6508543,30.193,3,11,315202000,-308.17278289377305,-1.4586751962671372
53239,1788979826.123325,10.769191,106.6507935,29.958,3,11,320026000,-310.23189858974365,-10.51902245640008
53453,1788979826.940029,10.7692057,106.6507839,29.951,3,11,321454000,-312.00208975033354,-9.715008974555644
53675,1788979828.682316,10.7692028,106.650763,29.836,3,11,323165000,-313.74605758689796,-11.2272474606917
53889,1788979829.385644,10.7691942,106.6507535,30.02,3,11,323942000,-314.0985860156753,-12.595311823599246
53960,1788979830.364717,10.7691682,106.6507213,30.103,3,11,324660000,-315.4838568018058,-16.93792631785618
54266,1788979831.803498,10.7690872,106.6506777,30.004,3,11,325629000,-314.59126603744386,-27.09877478960982
54337,1788979832.531867,10.7690739,106.6506738,29.821,3,11,327077000,-314.14542580960665,-28.573623261553976
54730,1788979834.420556,10.7690561,106.6506698,29.87,3,11,328925000,-313.4367447437668,-30.475057215644128
54958,1788979835.193656,10.7690359,106.6506678,30.165,3,11,329678000,-312.3993218253072,-32.482065401372466
55033,1788979836.035586,10.7690126,106.65067,30.158,3,11,330491000,-310.78881356464615,-34.5294339015509
55125,1788979836.660591,10.7690094,106.650674,30.123,3,11,331282000,-310.22804948926165,-34.591019007980194
55384,1788979837.362538,10.7690031,106.6506833,29.821,3,11,331932000,-308.9931857480239,-34.62764048698757
55454,1788979838.239483,10.769012,106.6507089,29.944,3,11,332663000,-307.1803098636917,-32.27542802272379
55619,1788979838.928602,10.7690186,106.6507151,30.127,3,11,333514000,-307.0099248714024,-31.290289682805096
56035,1788979842.023562,10.7692503,106.650858,30.175,3,11,334183000,-307.89345720775793,-1.145472111216236
56334,1788979844.44809,10.7691829,106.6509321,30.171,3,11,338197000,-297.0144505719071,-3.0453702324810763
56618,1788979846.522192,10.7690479,106.6508453,30.072,3,11,339711000,-296.82468031702865,-20.819431367692133
56838,1788979847.248275,10.7690495,106.6508535,29.97,3,11,341840000,-296.1683840734042,-20.182907714599338
56980,1788979847.902641,10.7690546,106.6508575,30.136,3,11,342511000,-296.10935307691557,-19.468632906032312
57052,1788979848.648543,10.7690488,106.6508662,29.965,3,11,343220000,-294.9598129430652,-19.494147077739385
57265,1788979849.409386,10.7690384,106.650883,30.148,3,11,343895000,-292.7883711195956,-19.468634144253855
57409,1788979850.145529,10.7690265,106.6508907,29.863,3,11,344680000,-291.3619185994098,-20.123744015109608
57480,1788979851.042049,10.7689949,106.6508788,30.061,3,11,345396000,-290.54449723812115,-23.784306598672032
57769,1788979852.26775,10.7689706,106.6508712,29.872,3,11,346697000,-289.7734850106085,-26.50712913742747
57852,1788979852.942871,10.7689632,106.6508657,29.967,3,11,347522000,-289.8312283450387,-27.52547937421747
58138,1788979854.521192,10.7689585,106.6508592,29.986,3,11,349112000,-290.1440172588013,-28.350826848092424
58353,1788979855.282972,10.7689569,106.6508398,29.859,3,11,349770000,-291.82882298877826,-29.652467004014156
58522,1788979855.936802,10.7689618,106.6508357,30.121,3,11,350541000,-292.5015347921295,-29.43790937151286
58592,1788979856.632976,10.7689624,106.650823,29.848,3,11,351179000,-293.7040609456362,-30.136017718123853
58886,1788979857.312006,10.7689717,106.6508189,30.102,3,11,351880000,-294.6427517312226,-29.510160854085782
58966,1788979858.08466,10.768986,106.6508132,30.075,3,11,352604000,-296.03062128726293,-28.51193514315112
59037,1788979858.739989,10.7689864,106.6508071,30.036,3,11,353346000,-296.61497154052813,-28.83679525666308
59329,1788979859.720985,10.768946,106.6507884,30.068,3,11,353971000,-295.89004440238546,-33.72377703644062
59400,1788979860.475152,10.7689361,106.6507948,29.878,3,11,355026000,-294.70387198559484,-34.26913373436926
59629,1788979861.297695,10.7689191,106.6508039,30.098,3,11,355780000,-292.84056196035965,-35.317837243422886
59761,1788979862.322243,10.7689165,106.6508494,30.074,3,11,356567000,-288.50507277423185,-32.858841907168056
60058,1788979864.221574,10.7689437,106.6508834,29.923,3,11,358481000,-287.0270455424698,-28.297161171215294
60180,1788979865.029558,10.7689648,106.6508952,30.094,3,11,359465000,-287.21892745355865,-25.624046658348803
60421,1788979865.885356,10.7689884,106.6509118,29.816,3,11,360277000,-287.12114400539315,-22.43218946977568
60493,1788979866.812961,10.7690187,106.650921,29.868,3,11,361177000,-288.1079249193981,-19.0534876998356
60791,1788979867.632066,10.7690417,106.6509228,30.089,3,11,362074000,-289.33297343127725,-16.7966207199578
60884,1788979868.84207,10.7690441,106.6509253,29.921,3,11,363448000,-289.2484748663835,-16.423812179960024
61165,1788979870.452075,10.7690469,106.6509292,30.022,3,11,365058000,-289.0595925229561,-15.930473237853633
61474,1788979872.295463,10.7690604,106.650924,29.958,3,11,366818000,-290.3531866608718,-14.977336503486697
61559,1788979873.025856,10.7690695,106.6509255,30.116,3,11,367596000,-290.7655327501086,-14.03761680820729
61844,1788979873.755513,10.7690756,106.6509151,30.143,3,11,368301000,-292.0893208614406,-14.085014690407874
62083,1788979875.676119,10.7690862,106.6508998,30.195,3,11,370160000,-294.1351058327372,-14.002754101604793
62223,1788979876.373636,10.7690835,106.6508918,30.093,3,11,370950000,-294.70654109104163,-14.73022548292694
62443,1788979877.553922,10.769135,106.6509271,29.831,3,11,371632000,-294.5780626723551,-7.819850240597361
62587,1788979878.799053,10.7691501,106.6509946,30.099,3,11,372822000,-289.2922479011588,-2.3998314241990784
62951,1788979880.986913,10.7691875,106.6509299,29.98,3,11,374957000,-297.49454815793496,-2.7460234665417715
63548,1788979884.84268,10.7690075,106.6512345,30.143,3,11,376259000,-258.64180501691294,-1.4831076686154319
63692,1788979885.491503,10.7690017,106.6512341,30.168,3,11,380089000,-258.3279288405665,-2.0490289985778247
63996,1788979887.301395,10.7690005,106.6512227,29.824,3,11,381847000,-259.3022648443428,-2.8381950986138236
64065,1788979887.935549,10.7689936,106.651223,29.995,3,11,382521000,-258.85761207942545,-3.4653714550327805
64136,1788979888.652095,10.7689847,106.651214,29.959,3,11,383185000,-259.14608997575976,-4.831786246264585
64425,1788979889.367955,10.7689798,106.6512005,30.041,3,11,383886000,-260.0896073642982,-6.091526953655503
64497,1788979890.171414,10.7689628,106.6511881,29.817,3,11,384626000,-260.20066822795815,-8.417016606025314
64784,1788979891.363374,10.7689595,106.6511786,30.014,3,11,385919000,-260.87358043078405,-9.289652349138436
64854,1788979891.99338,10.7689577,106.6511768,30.195,3,11,386590000,-260.9300670139014,-9.564804848828672
64999,1788979892.766198,10.7689473,106.6511624,30.081,3,11,387250000,-261.6237587587513,-11.392116457525574
65224,1788979893.471418,10.7689363,106.6511554,30.19,3,11,387997000,-261.60162973296303,-12.836062351142402
65295,1788979894.195035,10.7689298,106.6511442,29.959,3,11,388722000,-262.2372157216514,-14.10877999043251
65463,1788979894.951558,10.7689211,106.6511281,30.039,3,11,389430000,-263.1897851213707,-15.878135716702147
65676,1788979896.60683,10.7689111,106.6511216,29.97,3,11,391141000,-263.1821902610847,-17.19891181037154
66205,1788979899.290751,10.7689097,106.6511142,29.901,3,11,393866000,-263.7771114955214,-17.769231722644903
66277,1788979900.047252,10.7688986,106.6511071,29.81,3,11,394569000,-263.7581206114629,-19.228463865017048
66350,1788979900.707257,10.7688947,106.6511033,29.936,3,11,395300000,-263.8713250894376,-19.818689075200936
66629,1788979901.785494,10.7688471,106.6510767,29.925,3,11,395925000,-263.4366261292524,-25.847850637062407
66841,1788979902.963601,10.7688053,106.6511224,30.035,3,11,397038000,-256.71313976940655,-27.04128046492849
66995,1788979904.177135,10.7687455,106.6511146,30.044,3,11,398261000,-253.81452699434104,-33.09441706610417
67240,1788979905.383025,10.7687917,106.6511602,29.804,3,11,399429000,-252.41980339917075,-26.067800802915684
67370,1788979906.39182,10.7688308,106.6511784,29.961,3,11,400634000,-253.11206144000903,-21.33203195149484
67802,1788979908.62223,10.7689897,106.6512615,29.899,3,11,401607000,-255.08635662259536,-1.5435941600535017
67943,1788979909.46489,10.7690087,106.6512423,30.142,3,11,403857000,-257.9980613466254,-0.907729014929572
68406,1788979912.663554,10.768858,106.6511461,29.808,3,11,405654000,-257.7224430416766,-20.707603368665644
68548,1788979913.592639,10.7688805,106.6511168,29.802,3,11,407892000,-261.77321711882905,-20.344360941219378
68711,1788979914.443247,10.7688934,106.6511358,29.876,3,11,408871000,-260.80822625576434,-18.010183737356144
68928,1788979915.620067,10.7689018,106.6511386,30.179,3,11,410176000,-261.0588769421613,-17.05869698841994
69068,1788979916.373176,10.7689142,106.6511543,29.811,3,11,410827000,-260.36670416860716,-14.967230160449574
69224,1788979917.170463,10.7689282,106.6511714,29.802,3,11,411605000,-259.64268734034954,-12.643060413371728
69354,1788979917.838759,10.7689334,106.6511788,30.129,3,11,412392000,-259.27747522693886,-11.717527528399955
69499,1788979918.534256,10.7689385,106.6511879,30.089,3,11,413075000,-258.7501050898187,-10.700387169852306
69644,1788979919.223151,10.7689484,106.6511954,29.811,3,11,413745000,-258.6598237679681,-9.329573383398397
69781,1788979919.909586,10.7689574,106.6512008,30.191,3,11,414448000,-258.70798318467223,-8.167598330287447
70296,1788979923.250035,10.7688476,106.6514827,30.092,3,11,415124000,-226.1833821395725,-1.6906388729880035
70370,1788979924.033656,10.7688512,106.6514645,29.897,3,11,418499000,-228.07232922183434,-2.4349356364683246
70581,1788979924.749911,10.768856,106.6514558,30.071,3,11,419292000,-229.1614195882365,-2.502898563779837
70743,1788979925.529053,10.768849,106.6514441,30.053,3,11,420038000,-229.81269629449415,-3.852047453086101
71042,1788979927.565849,10.7688128,106.6514414,29.978,3,11,421862000,-227.87235891993456,-7.3962589895839415
71113,1788979928.200855,10.768808,106.6514428,30.101,3,11,422783000,-227.45363634429202,-7.761809497352672
71350,1788979928.892771,10.7688087,106.6514534,30.118,3,11,423428000,-226.52254041899167,-7.066890267721391
71473,1788979929.691847,10.7687983,106.6514667,29.999,3,11,424169000,-224.67250780925093,-7.24922624057173
71691,1788979930.491588,10.7687857,106.6514714,30.032,3,11,424998000,-223.47923406389702,-8.147926286599997
71833,1788979931.454146,10.7687521,106.6514499,30.102,3,11,425717000,-223.42249272476653,-12.565542925363815
71905,1788979932.188978,10.7687455,106.6514367,30.039,3,11,426684000,-224.23569614560387,-13.966379079130306
72131,1788979932.843801,10.7687432,106.6514294,30.105,3,11,427403000,-224.76702946835988,-14.614889839813046
72278,1788979934.076503,10.7687546,106.651413,30.041,3,11,428522000,-226.96218857839662,-14.52317151420931
72569,1788979935.129818,10.7687106,106.6513876,29.843,3,11,429289000,-226.63491134064148,-20.14455304047641
72647,1788979935.951438,10.7686996,106.6514073,29.889,3,11,430372000,-224.16088916415447,-20.00290870010437
72863,1788979936.591806,10.7686931,106.6514072,30.169,3,11,431158000,-223.7771487888601,-20.616448378267663
73025,1788979938.282998,10.7686738,106.6514146,29.81,3,11,432718000,-221.93091734249856,-21.981104396250657
73310,1788979938.988806,10.7686656,106.6514102,29.922,3,11,433529000,-221.83928653688363,-23.0089123689974
73380,1788979939.810185,10.7686444,106.6513979,29.92,3,11,434209000,-221.68727525080106,-25.72106729270982
73662,1788979940.524231,10.7686317,106.6513887,30.057,3,11,435005000,-221.76441026714866,-27.45457213718042
73733,1788979941.224236,10.7686338,106.6513867,29.829,3,11,435799000,-222.07501718916384,-27.377041034961465
73873,1788979942.030926,10.768623,106.6513688,30.091,3,11,436464000,-223.065938241396,-29.449592390340513
74090,1788979942.833895,10.7686362,106.651351,29.834,3,11,437255000,-225.49847062103035,-29.272754851159988
74163,1788979943.483901,10.7686395,106.6513508,29.866,3,11,438057000,-225.7163210988265,-28.976157507923162
74540,1788979946.187284,10.7686479,106.6513418,30.142,3,11,440697000,-227.05057999338914,-28.725418502592873
74753,1788979946.970424,10.7686636,106.6513365,29.98,3,11,441440000,-228.48634674354088,-27.572570693232677
74897,1788979948.101873,10.7686183,106.6513105,29.875,3,11,442243000,-228.13558352954612,-33.351103688714616
75113,1788979948.884742,10.7686005,106.6513204,29.921,3,11,443319000,-226.15044872517234,-34.42708055411347
75183,1788979949.519748,10.7685989,106.6513251,30.153,3,11,444091000,-225.62212243676476,-34.297532522060536
75323,1788979950.224563,10.7685896,106.6513294,30.163,3,11,444751000,-224.665065410139,-34.91151230555832
75637,1788979952.17443,10.7685835,106.6513499,29.91,3,11,446600000,-222.4137821361062,-34.26432186240079
75852,1788979953.055423,10.7685853,106.6513769,29.959,3,11,447429000,-220.04314920812783,-32.49265723150825
76164,1788979954.778257,10.7685978,106.6513984,29.904,3,11,449169000,-218.82440042789653,-30.047407362171
76236,1788979955.594643,10.7686158,106.6514144,30.066,3,11,449991000,-218.44319699939382,-27.41465316544243
76527,1788979956.583894,10.7686525,106.6514329,30.008,3,11,450822000,-218.96282623318456,-22.88541372814268
76827,1788979958.444773,10.7686698,106.6514373,29.93,3,11,452896000,-219.60454993387407,-21.00696416290309
76896,1788979959.105635,10.768678,106.6514404,29.912,3,11,453641000,-219.8155613042874,-20.056357212402588
77040,1788979959.814724,10.7686871,106.6514401,29.81,3,11,454346000,-220.39320356026855,-19.223531240298257
77257,1788979960.506097,10.7686937,106.6514393,30.139,3,11,455060000,-220.86563699652731,-18.654090714227337
77332,1788979961.286282,10.7687124,106.6514341,30.149,3,11,455721000,-222.4735699328568,-17.21487307082701
77470,1788979961.96846,10.7687215,106.6514431,30.181,3,11,456466000,-222.19718199159962,-15.829762860770956
77688,1788979962.645324,10.7687247,106.6514484,29.938,3,11,457203000,-221.9039158684408,-15.215893515546043
77759,1788979963.325857,10.7687255,106.6514539,30.123,3,11,457889000,-221.44720406071167,-14.814492125978276
77900,1788979963.987258,10.7687305,106.6514598,30.096,3,11,458529000,-221.20764880067173,-13.996732764305065
78116,1788979964.672264,10.7687316,106.6514641,29.936,3,11,459235000,-220.8792693684783,-13.638550727716094
78187,1788979965.379553,10.7687343,106.651475,29.809,3,11,459890000,-220.04152361836546,-12.738861680669075
78327,1788979966.190708,10.7687553,106.6514897,30.184,3,11,460567000,-219.96105006081345,-9.902877211828752
78554,1788979966.921269,10.7687692,106.6514924,29.886,3,11,461403000,-220.5533575947909,-8.443204963444245
78695,1788979967.764993,10.768792,106.6515087,29.887,3,11,462118000,-220.4347636938559,-5.343945074610119
78838,1788979968.442295,10.7687998,106.6515084,30.106,3,11,462981000,-220.9338212505867,-4.632639329933596
79083,1788979970.215208,10.7688055,106.6515079,30.095,3,11,464773000,-221.32430053401805,-4.129512571897806
79288,1788979970.963663,10.7688172,106.6515075,29.961,3,11,465465000,-222.06829530988685,-3.0595846852978497
79429,1788979971.74507,10.7688311,106.6515012,29.82,3,11,466213000,-223.48708368019606,-2.1343810544765347
79665,1788979973.328905,10.7688391,106.6514981,30.056,3,11,467859000,-224.25535856253285,-1.5706590161746021
80605,1788979981.627773,10.7688369,106.6523466,30.129,3,11,468512000,-146.20359237216803,48.61220497182749
80891,1788979982.375499,10.7688344,106.652335,30.041,3,11,476875000,-147.11770991893093,47.689641562813385
80972,1788979983.020505,10.7688354,106.6523352,30.075,3,11,477577000,-147.1597934466448,47.79499574152838
81115,1788979983.870102,10.768826,106.6523089,30.009,3,11,478222000,-149.0067262895857,45.354474946708095
81415,1788979985.629911,10.7688205,106.6523056,30.026,3,11,480176000,-148.9772955343472,44.644379081283915
81723,1788979987.576207,10.7688453,106.6523151,29.902,3,11,481935000,-149.60405335962494,47.526772432149954
81937,1788979988.415018,10.7688523,106.6522876,29.89,3,11,482761000,-152.5525598540193,46.548013563402215
82228,1788979991.00595,10.7686629,106.6521855,30.192,3,11,483624000,-150.4793396042526,22.780201642794225
82369,1788979991.808384,10.7686538,106.6522058,29.959,3,11,486209000,-148.0650732651068,23.135083711053447
82658,1788979993.828158,10.7687867,106.6522856,30.104,3,11,487001000,-148.7707174356068,40.29714512563849
82801,1788979994.592543,10.768798,106.6522988,29.954,3,11,489035000,-148.24162792760902,42.13732364036101
83014,1788979995.347718,10.7687988,106.6523136,30.045,3,11,489814000,-146.93088592133657,43.09100926872442
83255,1788979996.933583,10.7687979,106.652323,30.061,3,11,491449000,-146.01326781100516,43.56510265894463
83405,1788979997.630663,10.7687943,106.6523287,30.087,3,11,492169000,-145.27221078000161,43.56708189751589
83549,1788979998.338306,10.7687857,106.6523375,30.183,3,11,492826000,-143.94422817270626,43.285770391977145
83757,1788979999.070637,10.7687687,106.6523384,30.125,3,11,493513000,-142.83393402095038,41.75010658667769
83900,1788980000.138926,10.7688122,106.6523646,29.92,3,11,494270000,-143.05752141147642,47.372257885174825
84044,1788980000.816543,10.7688178,106.652359,29.865,3,11,495343000,-143.91029485881424,47.56317138364503
84265,1788980001.720479,10.7688393,106.6523409,29.883,3,11,496060000,-146.8721096807536,48.498053215579446
84773,1788980006.448074,10.7684451,106.6521418,30.085,3,11,496968000,-141.32640360401732,-0.1742523869617827
85059,1788980007.108091,10.7684445,106.6521364,29.872,3,11,501655000,-141.78602224434638,-0.5510198161693012
85288,1788980008.942238,10.7684515,106.6521248,30.069,3,11,503415000,-143.27441259372813,-0.5855507933542583
85430,1788980009.584564,10.7684473,106.6521181,29.945,3,11,504109000,-143.6357926329067,-1.3760367986822217
85727,1788980011.266649,10.7684043,106.6520894,29.961,3,11,505386000,-143.67200813768454,-7.099913053746235
85797,1788980011.994452,10.768407,106.6521037,29.801,3,11,506458000,-142.52203629381734,-5.99831364004546
85936,1788980012.819237,10.7684014,106.6521294,30.142,3,11,507175000,-139.82345564235743,-4.99558055712788
86150,1788980013.59757,10.7683823,106.6521344,30.124,3,11,508009000,-138.20970904093545,-6.484066121082705
86218,1788980014.281616,10.7683758,106.6521306,29.82,3,11,508807000,-138.16574411888965,-7.317331785610399
86372,1788980015.171794,10.7683496,106.6521132,29.858,3,11,509476000,-138.1798231314069,-10.799737750356513
86577,1788980016.152793,10.7683494,106.6520747,29.84,3,11,510396000,-141.70323453660652,-13.10477114745342
86793,1788980017.23706,10.7682979,106.65207,29.881,3,11,511351000,-139.02167810889404,-18.197953088211506
86936,1788980018.141035,10.7682718,106.6520763,30.192,3,11,512485000,-136.8654025592205,-20.26357731479078
87163,1788980019.160108,10.7682308,106.6520544,29.948,3,11,513323000,-136.3980654137814,-25.396678640530062
87291,1788980019.800113,10.7682273,106.6520522,29.918,3,11,514342000,-136.38851987218294,-25.85449636806505
87364,1788980020.592416,10.768222,106.6520364,29.931,3,11,515032000,-137.51906912327985,-27.288214339574047
87654,1788980021.475313,10.7682316,106.6520128,30.066,3,11,515834000,-140.26660332058202,-27.79232968571751
87724,1788980022.116782,10.7682337,106.6520064,30.185,3,11,516646000,-140.9812675402434,-27.976094352009987
87870,1788980022.833819,10.7682442,106.6520065,29.963,3,11,517327000,-141.60680699164092,-26.988646282324012
88084,1788980023.883295,10.7682177,106.6519712,29.874,3,11,518069000,-143.24652962624265,-31.56209407193355
88158,1788980024.58233,10.7682109,106.6519765,30.091,3,11,519093000,-142.34876581750078,-31.882995708303
88457,1788980025.294929,10.7682043,106.6519808,29.876,3,11,519812000,-141.5549231664229,-32.244587326861996
88536,1788980025.939934,10.7681992,106.6519818,29.9,3,11,520479000,-141.15479814214723,-32.6619351252966
88632,1788980026.662676,10.7681912,106.6519925,30.189,3,11,521129000,-139.6886061081443,-32.77432810812978
88909,1788980027.555109,10.7681795,106.6520157,30.139,3,11,521906000,-136.85085987868942,-32.490268829001295
88979,1788980028.255971,10.7681776,106.6520289,30.05,3,11,522723000,-135.5238334238791,-31.883988009055322
89209,1788980029.028808,10.7681817,106.6520399,29.872,3,11,523508000,-134.76153423008915,-30.847492484815184
89363,1788980029.758011,10.7681888,106.6520541,30.109,3,11,524200000,-133.88672448973657,-29.340532380103653
89671,1788980031.425605,10.7681972,106.652063,30.059,3,11,525899000,-133.57720483019784,-28.026794678651285
89743,1788980032.096315,10.7682022,106.6520696,30.143,3,11,526606000,-133.2733677258676,-27.167465534665
89885,1788980032.82809,10.7682146,106.6520737,29.951,3,11,527291000,-133.64643692095936,-25.76486937027206
90098,1788980033.796241,10.768251,106.6520949,29.954,3,11,527992000,-133.8999869745742,-21.103332478216892
90170,1788980034.711303,10.768278,106.6521045,30.172,3,11,529030000,-134.65055116985098,-18.009350970807276
90457,1788980035.432903,10.7682871,106.6521024,30.003,3,11,529930000,-135.3934895925765,-17.28341872187802
90530,1788980036.27202,10.7683061,106.6520989,30.017,3,11,530676000,-136.8634444126333,-15.715202765731611
90600,1788980036.969834,10.7683183,106.6521027,29.996,3,11,531435000,-137.25197301485952,-14.349117641395353
90896,1788980037.664839,10.7683183,106.652103,29.821,3,11,532197000,-137.22442365395295,-14.331302021006834
91047,1788980039.056816,10.7683216,106.652112,29.86,3,11,533552000,-136.59742705296563,-13.4883589789886
91263,1788980039.686821,10.7683228,106.6521169,29.908,3,11,534218000,-136.2199938757915,-13.085197991871553
91337,1788980040.826826,10.7683252,106.6521207,30.157,3,11,535358000,-136.01611474479435,-12.635188428783636
91626,1788980041.597767,10.7683341,106.6521297,29.854,3,11,536063000,-135.72763684856744,-11.268773637385763
91695,1788980042.323086,10.768338,106.6521388,29.939,3,11,536813000,-135.1277269889219,-10.363805796680943
91911,1788980043.190828,10.7683617,106.6521565,29.966,3,11,537498000,-134.93497419382976,-7.097276956650887
92054,1788980043.985388,10.7683797,106.6521664,30.14,3,11,538375000,-135.11394110995775,-4.826773711594569
92125,1788980044.732418,10.7683958,106.6521733,29.905,3,11,539149000,-135.4535470771946,-2.9120331585435935
92415,1788980045.490623,10.7684064,106.6521739,29.985,3,11,539971000,-136.03921590347858,-1.8855446781777232
92485,1788980046.179304,10.7684171,106.6521691,29.917,3,11,540649000,-137.12681820824034,-1.170389658263879
92555,1788980046.840285,10.768424,106.6521673,30.197,3,11,541352000,-137.70921777888805,-0.6322914047975274
93296,1788980051.505828,10.7687728,106.6524428,29.95,3,11,541992000,-133.49460036225838,48.333198658266994
93605,1788980054.175831,10.768774,106.6524396,29.875,3,11,548702000,-133.86099993869635,48.25533788898643
93677,1788980054.83225,10.7687707,106.6524338,30.182,3,11,549347000,-134.19413668555632,47.60242813375948
94242,1788980057.9679,10.7687704,106.65242,30.188,3,11,552418000,-135.44327237100856,46.754866457185024
94315,1788980058.679703,10.7687643,106.6524088,30.166,3,11,553138000,-136.10303826854613,45.51953965638731
94466,1788980059.387741,10.7687596,106.6523997,30.056,3,11,553869000,-136.65458831310318,44.53979013700992
94698,1788980060.779457,10.7687423,106.6523882,29.974,3,11,555162000,-136.66486616213393,42.23970421723042
94995,1788980062.627123,10.7687294,106.6523778,30.065,3,11,557048000,-136.84010866964064,40.416241470693656
95287,1788980064.067564,10.7686465,106.6523377,30.015,3,11,557790000,-135.5112541297854,30.285635419853655
95430,1788980064.771488,10.768638,106.6523368,30.138,3,11,559265000,-135.0800791799445,29.437633224189675
95501,1788980065.497436,10.7686317,106.6523292,29.861,3,11,559978000,-135.39716278891626,28.397398450917876
95716,1788980066.659265,10.7685795,106.6523441,29.953,3,11,560728000,-130.87339992207654,24.402736420853266
95862,1788980067.546801,10.7685656,106.6523673,29.963,3,11,561869000,-127.9026642015578,24.481146084296356
96074,1788980068.176807,10.7685697,106.6523696,30.076,3,11,562696000,-127.93929648319309,25.000988611361834
96144,1788980068.867181,10.7685628,106.6523774,30.164,3,11,563341000,-126.8059096864768,24.819202770563457
96292,1788980069.542998,10.768562,106.6523857,30.195,3,11,564036000,-125.99535087814921,25.237319928150946
96435,1788980070.218526,10.768567,106.6523922,29.821,3,11,564711000,-125.70069689499114,26.09071053144511
96650,1788980071.262864,10.7686057,106.6524219,30.187,3,11,565381000,-125.31271618102613,31.47202066674707
96722,1788980072.001609,10.7686027,106.6524075,30.084,3,11,566435000,-126.45373621415601,30.336439583778926
96938,1788980072.872863,10.7685981,106.652382,29.947,3,11,567203000,-128.51736298261136,28.392117181826997
97088,1788980073.660109,10.7686065,106.6523703,30.139,3,11,568094000,-130.09956612805038,28.48251560213876
97235,1788980074.463214,10.7686293,106.6523643,29.976,3,11,568811000,-132.02880807886294,30.257481026339363
97448,1788980075.117346,10.7686351,106.6523638,30.07,3,11,569629000,-132.4253323391266,30.769955494126208
97590,1788980075.914338,10.7686579,106.6523653,29.935,3,11,570268000,-133.66584025944516,32.99031143310346
97802,1788980077.316156,10.7686254,106.6524403,30.058,3,11,571134000,-124.8138824681505,34.40621089587972
97948,1788980078.420321,10.7686732,106.6524631,30.031,3,11,572495000,-125.60962995663594,40.22840335051886
98165,1788980079.228142,10.7686903,106.6524671,30.088,3,11,573629000,-126.27599618563204,42.06440333500967
98309,1788980080.010395,10.768711,106.6524722,30.047,3,11,574376000,-127.05896725562044,44.30224481609055
98608,1788980082.094412,10.7687467,106.6524773,30.127,3,11,576323000,-128.74868485724593,47.94224276745317
98756,1788980082.792699,10.7687564,106.6524706,30.155,3,11,577247000,-129.950316681171,48.451088425325146
98900,1788980083.53475,10.7687652,106.6524675,30.096,3,11,578010000,-130.76695137859627,49.08959214229966
99118,1788980084.376986,10.7687803,106.6524514,30.102,3,11,578737000,-133.15822527181274,49.54499135107326
99708,1788980089.229428,10.7683543,106.6522947,29.806,3,11,579594000,-121.79657349611327,0.41805507477688764
99850,1788980089.985641,10.7683516,106.6522833,30.031,3,11,584441000,-122.68023484817205,-0.5113266731989867
100085,1788980091.694887,10.7683394,106.6522703,29.981,3,11,586092000,-123.13655332331697,-2.4237574956387604
100228,1788980092.504257,10.7683232,106.6522595,29.856,3,11,586886000,-123.14904407484065,-4.57944882618942
100376,1788980093.221455,10.768317,106.6522489,29.835,3,11,587670000,-123.74766627232037,-5.788492095283274
100522,1788980093.856461,10.7683124,106.6522477,30.088,3,11,588367000,-123.57979478124443,-6.289749228886265
100679,1788980094.628933,10.7683102,106.6522355,30.116,3,11,589077000,-124.56714598053233,-7.219900749092183
100832,1788980095.311098,10.7683051,106.652232,30.15,3,11,589814000,-124.58026137507507,-7.904482856730361
101042,1788980096.166096,10.7682906,106.6522136,30.191,3,11,590511000,-125.39343388516686,-10.35259217581963
101111,1788980096.791102,10.7682897,106.6522092,30.156,3,11,591300000,-125.74308639099958,-10.698017332588641
101333,1788980097.583735,10.7682796,106.6521981,30.197,3,11,592005000,-126.15187009245942,-12.301313985226876
101485,1788980098.311497,10.7682713,106.6521907,29.844,3,11,592767000,-126.32968792299275,-13.51662587414166
101726,1788980100.179971,10.7682573,106.652178,30.191,3,11,594564000,-126.64964745360415,-15.579499852708068
101862,1788980100.844332,10.7682563,106.6521705,30.128,3,11,595332000,-127.27793171664989,-16.1183674665033
102087,1788980101.544966,10.7682459,106.6521646,30.153,3,11,595991000,-127.19105822580894,-17.440903157721962
102157,1788980102.174971,10.7682417,106.6521648,29.889,3,11,596681000,-126.91880295761163,-17.821629889894247
102305,1788980102.90605,10.7682391,106.6521581,29.905,3,11,597396000,-127.37690262664505,-18.462552538375206
102532,1788980104.077397,10.7681845,106.6521278,29.988,3,11,598057000,-126.85883074027758,-25.36577977383746
102813,1788980105.246377,10.768155,106.6521763,30.124,3,11,599283000,-120.62174916468722,-25.243162170317838
102966,1788980106.534241,10.7680869,106.6521661,30.198,3,11,600451000,-117.44179819808566,-32.21468364943199
103184,1788980107.807684,10.7681338,106.6522152,29.985,3,11,601738000,-115.76798022733523,-24.914784511152135
103400,1788980108.876019,10.7681768,106.6522311,30.032,3,11,603006000,-116.90720413613462,-19.951041402063574
103542,1788980109.689227,10.7681847,106.6522163,29.809,3,11,604089000,-118.74385912873981,-20.091476276260444
103824,1788980111.956131,10.7683379,106.6523163,29.81,3,11,604822000,-118.8216432808288,0.16775534947067428
104040,1788980112.871844,10.768354,106.6522942,30.024,3,11,607173000,-121.8243541674547,0.3603192444288439
104261,1788980114.103785,10.7682971,106.652255,29.97,3,11,608018000,-121.98454553085323,-7.286435395194793
104476,1788980115.778228,10.7682023,106.6521982,29.988,3,11,609309000,-121.46991985282072,-19.521155126775525
104626,1788980116.769612,10.7682194,106.6521662,30.003,3,11,610988000,-125.44220942975392,-19.823029614225327
104841,1788980117.513207,10.7682321,106.6521786,29.9,3,11,611899000,-125.07121456079871,-17.89949148347526
104981,1788980118.226694,10.7682391,106.6521908,30.085,3,11,612647000,-124.37402225129011,-16.52064989239622
105050,1788980118.913601,10.7682506,106.6521946,30.145,3,11,613350000,-124.72023601536759,-15.219998736815427
105267,1788980119.582212,10.76825,106.6522032,30.061,3,11,614051000,-123.89421779860056,-14.765370538327353
105408,1788980120.27256,10.7682577,106.6522117,30.079,3,11,614714000,-123.57911578309921,-13.54082096654507
105478,1788980120.947097,10.7682663,106.6522118,29.947,3,11,615414000,-124.0898006727324,-12.730979382281369
105693,1788980121.610557,10.7682732,106.6522178,30.024,3,11,616073000,-123.95591685197958,-11.729674993649851
105843,1788980122.445365,10.7682868,106.6522395,30.073,3,11,616756000,-122.78529657759954,-9.169723236690487
105927,1788980123.130522,10.7682855,106.6522449,29.936,3,11,617625000,-122.21082337539875,-8.97056229307131
106209,1788980124.763687,10.768297,106.6522518,30.112,3,11,619185000,-122.27236040673583,-7.4858163910592666
106884,1788980129.636498,10.76865,106.6525554,30.054,3,11,619898000,-115.73117518309735,43.541007279791195
107182,1788980131.554897,10.7685519,106.6524614,30.134,3,11,624850000,-118.43318606128372,28.788676170260757
107405,1788980132.575312,10.7685183,106.6524394,29.882,3,11,626748000,-118.42236032409917,24.34136683056807
107576,1788980134.094617,10.7684643,106.6525261,29.988,3,11,627703000,-107.19630741749269,24.442317888173115
107769,1788980134.808298,10.7684688,106.6525223,30.029,3,11,629297000,-107.81728995250057,24.637300301892658
107911,1788980135.668354,10.7684902,106.6525416,30.003,3,11,629945000,-107.33857276239486,27.783848459798882
108133,1788980136.749171,10.7685261,106.6525132,29.878,3,11,630870000,-112.11672565599991,29.453130863533296
108572,1788980140.104261,10.7682763,106.6523614,30.016,3,11,631950000,-110.95635022268472,-2.9121522611712436
108720,1788980141.004751,10.7682534,106.6523748,30.047,3,11,635300000,-108.34151238441302,-4.257013420194454
109027,1788980143.580846,10.7680641,106.6522678,30.152,3,11,636115000,-106.72431001237581,-28.3064661013356
109228,1788980144.337498,10.7680532,106.652273,30.013,3,11,638766000,-105.58788527317557,-29.016562380514806
109367,1788980144.980508,10.7680481,106.6522684,29.804,3,11,639457000,-105.70201499147734,-29.766468429858882
109512,1788980145.83455,10.7680212,106.6522674,29.876,3,11,640125000,-104.16774741758232,-32.34038777002492
109727,1788980146.515379,10.7680129,106.6522736,30.162,3,11,640959000,-103.09666087179329,-32.748058191480844
109966,1788980148.171964,10.7679906,106.6523042,29.823,3,11,642364000,-98.93859618350714,-33.015404177178794
110098,1788980149.142339,10.7680261,106.6523261,30.117,3,11,643295000,-99.0734596024306,-28.396426891745982
110311,1788980150.001205,10.7680405,106.6523018,30.139,3,11,644280000,-102.175434531085,-28.49342194780763
110452,1788980150.736024,10.7680574,106.6522984,29.968,3,11,645113000,-103.50926171573818,-27.11556935690346
110535,1788980151.796029,10.768055,106.6523008,30.168,3,11,646282000,-103.14378738103973,-27.197389427460955
110816,1788980152.544952,10.7680673,106.6523013,29.806,3,11,646967000,-103.84140393398548,-26.017928420179175
111103,1788980155.449286,10.7682774,106.6524272,30.185,3,11,647725000,-104.98035173678673,1.0982319989491671
111709,1788980160.012386,10.7686036,106.6527029,29.881,3,11,650619000,-99.38120330793109,47.96301672502148
111927,1788980160.692239,10.7685967,106.6527042,29.804,3,11,655162000,-98.84471933781691,47.395225771304155
111997,1788980161.432156,10.7686017,106.6526874,29.847,3,11,655806000,-100.68973241029826,46.86493650810709
112139,1788980162.134948,10.7685949,106.6526784,29.815,3,11,656565000,-101.10515482086402,45.6948236228096
112362,1788980162.810514,10.7685912,106.6526704,30.17,3,11,657262000,-101.61614030911024,44.873875144156706
112513,1788980164.170519,10.7685928,106.6526686,30.07,3,11,658652000,-101.87815610712181,44.91654477715078
112725,1788980164.854428,10.7685822,106.6526634,29.973,3,11,659277000,-101.71491082082844,43.616883446889226
112798,1788980165.922965,10.7685429,106.652642,29.947,3,11,660040000,-101.30442267893298,38.672385889686815
113083,1788980166.718004,10.7685212,106.6526335,30.06,3,11,661033000,-100.77322793405308,36.13915694394357
113253,1788980168.494204,10.7684928,106.6526376,30.082,3,11,662758000,-98.67994656519906,33.72788750750608
113451,1788980169.265435,10.768482,106.6526477,30.157,3,11,663659000,-97.09959390193406,33.31812740836212
113522,1788980169.998417,10.7684686,106.6526513,30.055,3,11,664400000,-95.9589746666631,32.27932174127753
113808,1788980170.720313,10.7684552,106.6526576,29.841,3,11,665112000,-94.57041118062308,31.40085665937751
113882,1788980171.509514,10.7684391,106.6526477,30.062,3,11,665863000,-94.5062988250618,29.307959900753445
114094,1788980172.170405,10.7684312,106.652644,30.172,3,11,666617000,-94.36852110837108,28.349764838051165
114239,1788980172.960233,10.7684298,106.6526293,29.895,3,11,667352000,-95.63381013226237,27.345931491541485
114535,1788980174.760237,10.7684318,106.6526258,29.852,3,11,669236000,-96.07611888458798,27.32503678037893
114828,1788980176.355717,10.7684401,106.6526188,29.808,3,11,670781000,-97.22067039322951,27.68519888051747
114901,1788980177.058846,10.7684466,106.6526088,29.989,3,11,671476000,-98.53190593133203,27.698945997889886
114972,1788980177.713852,10.768449,106.6526066,30.051,3,11,672189000,-98.87901402499108,27.792643148987715
115253,1788980178.411519,10.7684611,106.6526079,29.897,3,11,672824000,-99.49107566000721,29.00091705876263
115325,1788980179.420216,10.7684249,106.6525833,30.086,3,11,673541000,-99.56184165511642,24.156165218711905
115628,1788980181.218583,10.7684153,106.6525785,29.915,3,11,675644000,-99.42231365539016,22.973735147539628
115699,1788980181.928091,10.7684124,106.6525913,30.019,3,11,676332000,-98.0715699141201,23.46278470856238
115993,1788980182.646195,10.7684062,106.6525971,30.117,3,11,677091000,-97.16416036453391,23.22766203179411
116232,1788980184.35065,10.7683898,106.6526104,30.011,3,11,678679000,-94.95142914259591,22.484463470393884
116391,1788980185.003227,10.7683905,106.6526178,30.184,3,11,679458000,-94.31419307011788,22.989349414077807
116463,1788980185.752819,10.7683886,106.652633,29.967,3,11,680135000,-92.80350420752383,23.714401037739172
116747,1788980186.468011,10.768396,106.6526362,30.089,3,11,680914000,-92.95697264178386,24.59616485042526
116836,1788980187.216798,10.7684055,106.6526487,30.187,3,11,681594000,-92.38335539314441,26.226514807163454
116904,1788980187.880098,10.7684119,106.6526567,30.059,3,11,682307000,-92.03558428033864,27.299851450589088
117180,1788980188.618276,10.7684242,106.6526663,30.112,3,11,682995000,-91.8975368744754,29.019719616970093
117261,1788980189.433823,10.7684454,106.6526784,30.026,3,11,683728000,-92.06791440148999,31.71999745997615
117403,1788980190.169364,10.7684598,106.6526847,29.877,3,11,684543000,-92.35985448515775,33.4401957048081
117629,1788980191.346759,10.7685226,106.6526698,30.154,3,11,685268000,-97.52438490009456,38.42571497446153
117935,1788980193.155463,10.7685303,106.6526649,30.031,3,11,687590000,-98.43982101857117,38.854500160169195
118005,1788980193.804922,10.7685378,106.652665,29.838,3,11,688253000,-98.88401116392373,39.56151693566325
118167,1788980194.528062,10.7685438,106.6526717,30.009,3,11,688962000,-98.63144070837214,40.520261717506365
118362,1788980195.241313,10.7685565,106.6526773,30.05,3,11,689630000,-98.88489802823061,42.03997911410504
118435,1788980196.006666,10.7685624,106.6526927,30.165,3,11,690373000,-97.82735111911643,43.50602918421569
118659,1788980196.759011,10.7685483,106.6527043,30.063,3,11,691108000,-95.9097674133642,42.87687276424717
118803,1788980198.190037,10.7685341,106.6527098,30.028,3,11,692565000,-94.54630907519558,41.87611768252323
119093,1788980198.8938,10.768527,106.6527135,30.122,3,11,693336000,-93.77734026155417,41.432156274099846
119168,1788980199.962182,10.7685658,106.6527421,29.899,3,11,694034000,-93.4964188493782,46.75749017643699
119451,1788980200.705856,10.7685759,106.6527389,30.139,3,11,695122000,-94.40082136592099,47.511575580991114
119523,1788980201.445121,10.7685856,106.652733,29.818,3,11,695855000,-95.52898822699356,48.067929560180474
119594,1788980202.195849,10.7685929,106.6527241,29.822,3,11,696604000,-96.78756925490578,48.22178229844319
119889,1788980202.935569,10.7685982,106.6527063,30.018,3,11,697279000,-98.74254846188347,47.66015076280762
120177,1788980204.944007,10.7685186,106.6528381,29.845,3,11,698048000,-81.82739417140678,48.04636973989408
120249,1788980205.643473,10.7685183,106.6528277,30.056,3,11,700061000,-82.76430376310466,47.40071842997336
120320,1788980206.273478,10.7685208,106.6528269,30.027,3,11,700735000,-82.98889314893049,47.586902852916644
120605,1788980206.958891,10.7685166,106.6528212,29.862,3,11,701405000,-83.25844198291219,46.85580225029031
120674,1788980207.668515,10.768516,106.6528064,29.923,3,11,702045000,-84.58127394295677,45.92081204159503
120976,1788980208.438546,10.7685054,106.6528009,30.047,3,11,702839000,-84.44557801756994,44.60333509094496
121053,1788980209.192609,10.7684997,106.6527874,29.972,3,11,703569000,-85.34073559243234,43.26881270420359
121195,1788980209.977925,10.7684879,106.6527795,29.969,3,11,704358000,-85.35289483449,41.696638271080715
121410,1788980210.744656,10.7684716,106.6527666,30.078,3,11,705063000,-85.5521861368322,39.406889887215414
121554,1788980212.105203,10.7684038,106.6527326,30.1,3,11,705914000,-84.57595276103048,31.050038968412547
121771,1788980212.855066,10.7683921,106.6527229,29.96,3,11,707224000,-84.75945314666488,29.380318521865647
121920,1788980214.162544,10.7683702,106.6527229,29.815,3,11,708468000,-83.43560321232201,27.333170073932514
122219,1788980216.020312,10.7683375,106.6527168,29.996,3,11,710220000,-82.01906612193832,23.91421801406019
122362,1788980216.692785,10.7683345,106.652726,30.006,3,11,711112000,-80.99286973721723,24.180132418815703
122505,1788980217.406077,10.7683233,106.6527293,29.858,3,11,711804000,-80.01278935402404,23.329160747194024
122698,1788980218.266588,10.7683104,106.6527503,30.038,3,11,712547000,-77.30453205227926,23.3703996235461
122863,1788980218.948816,10.7683112,106.6527593,29.894,3,11,713372000,-76.52641102951623,23.979649920293696
122933,1788980219.589105,10.7683065,106.6527639,29.897,3,11,714034000,-75.8198735779911,23.81348040838942
123074,1788980220.276481,10.7683099,106.6527735,29.916,3,11,714689000,-75.14382323213042,24.701402401101785
123222,1788980220.975556,10.7683067,106.6527861,30.083,3,11,715361000,-73.79331079988287,25.150531752842895
123429,1788980222.038587,10.7683531,106.6528064,30.117,3,11,716075000,-74.73400662321286,30.693392764648973
123575,1788980222.922961,10.768343,106.652784,30.16,3,11,717203000,-76.18048293230476,28.419041068655787
123725,1788980223.854866,10.7683658,106.6527538,30.08,3,11,718012000,-80.33204002278138,28.75687976435567
123945,1788980224.643539,10.768379,106.6527465,29.804,3,11,719008000,-81.80034475894114,29.55726402472985
124089,1788980225.36367,10.768388,106.6527515,30.086,3,11,719771000,-81.88523665772404,30.695484916760154
124301,1788980226.241972,10.7684152,106.6527656,30.017,3,11,720461000,-82.23465038784717,34.075396152875406
124610,1788980228.630178,10.7683779,106.6528304,29.921,3,11,722449000,-74.02921198814357,34.436874444983374
124827,1788980229.705543,10.7684224,106.652854,29.961,3,11,723742000,-74.5520102770197,39.998100797162735
124971,1788980230.551038,10.76844,106.6528638,30.124,3,11,724867000,-74.71598040547065,42.22527466303456
125114,1788980231.266892,10.7684525,106.6528643,30.057,3,11,725652000,-75.4256869121885,43.42343108998449
125254,1788980231.906897,10.7684574,106.6528641,29.974,3,11,726357000,-75.74025701983953,43.86959179006834
125471,1788980233.024028,10.7685095,106.6528574,30.048,3,11,727037000,-79.50495903626023,48.34186640646166
125613,1788980233.730443,10.768516,106.6528589,30.042,3,11,728169000,-79.76013572688895,49.038545646719385
125732,1788980234.464087,10.7685211,106.6528422,30.199,3,11,728805000,-81.60201065633547,48.52354263312158
126040,1788980236.657201,10.7684393,106.6529899,30.053,3,11,729613000,-63.093750728477325,49.64833988692934
126339,1788980238.510633,10.7684399,106.6529807,30.104,3,11,732926000,-63.97486766705745,49.15808044766422
126556,1788980239.337715,10.7684314,106.6529615,29.906,3,11,733644000,-65.22420375209163,47.22332539564142
126779,1788980240.630744,10.7684581,106.6529464,30.093,3,11,734846000,-68.22486375826654,48.82244434403622
127165,1788980244.316727,10.7682718,106.6528419,30.112,3,11,736844000,-66.559432682652,25.201886461897285
127462,1788980246.042887,10.7682573,106.6528626,29.869,3,11,740309000,-63.782005110546564,25.075746361691692
127751,1788980247.947146,10.7683814,106.6529337,29.93,3,11,741125000,-64.75462279200167,40.89855631602839
127895,1788980248.702385,10.7683958,106.6529399,30.173,3,11,743054000,-65.05574599542925,42.61281602084608
128110,1788980249.400632,10.7684051,106.6529488,30.1,3,11,743779000,-64.80063112781137,44.010683110722084
128410,1788980251.246583,10.768409,106.6529632,29.941,3,11,745607000,-63.71401588649497,45.230393581947816
128483,1788980252.022104,10.768395,106.6529675,30.069,3,11,746382000,-62.4728449470297,44.17707143749402
128625,1788980252.672109,10.768392,106.6529692,30.141,3,11,747117000,-62.1353825941076,43.997595326628954
128922,1788980254.249304,10.7683846,106.652973,30.032,3,11,748667000,-61.339095729887134,43.53152932846854
129286,1788980256.860743,10.7682366,106.6528897,29.967,3,11,749789000,-60.042069267149174,24.750114825660944
129657,1788980259.070617,10.7683708,106.6529986,30.171,3,11,751975000,-58.154010096338304,43.76181166645871
129730,1788980259.928746,10.7683919,106.6530019,30.15,3,11,754224000,-59.126457241812915,45.930150262690844
129814,1788980260.634459,10.7683974,106.6530065,29.888,3,11,755062000,-59.03650743094799,46.717447151205164
130099,1788980261.344172,10.7684092,106.6530076,30.041,3,11,755727000,-59.64880037781137,47.885800850342704
130169,1788980262.168266,10.7684302,106.6530029,30.19,3,11,756461000,-61.349852178786136,49.56970852095225
130384,1788980262.828272,10.7684331,106.6530003,30.124,3,11,757270000,-61.76391763890055,49.68639006005676
131189,1788980270.161156,10.7677868,106.6526539,30.014,3,11,757885000,-54.50556124213449,-31.29896168342192
131482,1788980272.115582,10.7679173,106.6527221,29.884,3,11,765247000,-56.131367935032145,-15.050115967089983
131698,1788980272.924532,10.7679305,106.6527401,29.917,3,11,767211000,-55.27634320776876,-12.747281036509175
131838,1788980273.544538,10.7679342,106.6527385,30.139,3,11,767984000,-55.64693727886504,-12.496432417206488
131908,1788980274.282194,10.7679328,106.6527541,30.13,3,11,768629000,-54.129740818676254,-11.700888083211094
132066,1788980274.917402,10.7679367,106.6527594,29.923,3,11,769346000,-53.87878953486381,-11.021584770240668
132205,1788980275.619713,10.7679262,106.6527589,29.967,3,11,770011000,-53.289982565545046,-12.03278700100729
132358,1788980276.273533,10.7679203,106.6527553,29.863,3,11,770698000,-53.263921265081244,-12.79808932683415
132562,1788980276.948308,10.7679142,106.6527597,29.927,3,11,771366000,-52.49112037710039,-13.107003855779734
132934,1788980280.251563,10.7677642,106.6526823,29.842,3,11,773180000,-50.531390273479346,-31.724998683472652
133147,1788980281.085913,10.7677561,106.652706,30.103,3,11,775343000,-47.86534760933246,-31.074729150385018
133433,1788980283.201047,10.7679022,106.6527832,29.975,3,11,776162000,-49.60768985613444,-12.833172085681925
133586,1788980284.092063,10.7679266,106.6527905,29.947,3,11,778342000,-50.41229642269104,-10.118817458407888
133910,1788980286.050127,10.7679478,106.6527963,30.169,3,11,780333000,-51.16121053407074,-7.792667646770493
134199,1788980287.363737,10.7679595,106.652791,30.057,3,11,781731000,-52.35517821072928,-7.013728230620792
134268,1788980288.054232,10.7679699,106.652784,30.199,3,11,782424000,-53.62667423370964,-6.457264224381859
134410,1788980288.970833,10.7679567,106.6527519,30.019,3,11,783139000,-55.77651893913393,-9.59743332351643
134625,1788980290.578472,10.76806,106.6527882,29.963,3,11,784050000,-58.687507334837626,2.2144410012702735
135064,1788980293.239089,10.7681164,106.6529015,29.99,3,11,786567000,-51.69239886223241,14.214915380095302
135425,1788980295.432408,10.7679483,106.6529332,30.117,3,11,788332000,-38.619743573809274,0.383932437227152
135500,1788980296.217623,10.7679555,106.6529228,30.006,3,11,790585000,-40.01002643192453,0.43935936194231573
135638,1788980296.875835,10.7679511,106.6529154,30.036,3,11,791280000,-40.42359836031627,-0.4113918445229636
135853,1788980297.60375,10.7679525,106.6529076,29.837,3,11,792013000,-41.224511427906904,-0.7437300423432198
135996,1788980298.680364,10.7679113,106.6528726,29.974,3,11,792665000,-41.94807310317946,-6.673475554114615
136141,1788980299.334449,10.7679164,106.6528756,29.955,3,11,793761000,-41.98087331058265,-6.018586147405291
136293,1788980300.164936,10.7679129,106.6529028,29.901,3,11,794395000,-39.271490367516414,-4.73047305576682
136504,1788980301.160876,10.7678809,106.6529162,30.182,3,11,795320000,-36.10655963406275,-6.925975807448946
136721,1788980302.248332,10.767841,106.6528788,29.909,3,11,796225000,-37.12910089855551,-12.876726056422514
136938,1788980303.360621,10.7678166,106.6528358,30.148,3,11,797387000,-39.60286831892205,-17.711139535414677
137081,1788980304.22472,10.7678012,106.6528595,30.055,3,11,798444000,-36.49554234332753,-17.743252818304754
137322,1788980305.794725,10.7677998,106.6528562,29.972,3,11,800223000,-36.71395564113196,-18.07009258228915
137465,1788980306.630299,10.7677732,106.652861,30.058,3,11,800858000,-34.665202014224604,-20.271533461586227
137676,1788980307.307755,10.7677659,106.6528549,29.88,3,11,801698000,-34.78408904860535,-21.316167230246162
137819,1788980308.199778,10.7677346,106.6528421,30.014,3,11,802365000,-34.067450700748246,-25.00213354538892
137898,1788980308.894482,10.7677299,106.6528335,29.945,3,11,803282000,-34.57308514346673,-25.95219036367141
138116,1788980309.559049,10.7677319,106.6528261,29.913,3,11,803966000,-35.37353559138523,-26.2046881425826
138438,1788980311.311031,10.7677349,106.6527992,30.015,3,11,805540000,-38.025144287970676,-27.521724161909916
138519,1788980311.996036,10.7677394,106.6527978,29.854,3,11,806421000,-38.4257319330087,-27.18421678356038
138733,1788980312.658577,10.7677463,106.6527956,30.063,3,11,807066000,-39.044863985842554,-26.669872691008624
138815,1788980313.369969,10.7677554,106.6527852,30.132,3,11,807718000,-40.55000140452452,-26.43683927986121
139103,1788980315.15305,10.7677632,106.6527845,29.978,3,11,809554000,-41.08579144322669,-25.749287696431384
139249,1788980315.852313,10.7677707,106.6527853,29.94,3,11,810257000,-41.46569974428895,-25.000701138624237
139460,1788980317.065945,10.7677131,106.6527636,30.136,3,11,810971000,-39.97653019762351,-31.673645211795872
139676,1788980317.822834,10.7677018,106.6527749,29.838,3,11,812149000,-38.25575520505065,-32.05888137762915
139819,1788980318.488965,10.7676939,106.6527787,29.814,3,11,812880000,-37.429243456560954,-32.571685924710856
139977,1788980319.426638,10.767675,106.6528091,29.945,3,11,813571000,-33.495074223010775,-32.53308685725487
140189,1788980320.186596,10.7676793,106.6528279,29.949,3,11,814483000,-32.02858159018003,-31.01468977750354
140496,1788980322.040026,10.7676858,106.6528377,30.009,3,11,816402000,-31.52155928626467,-29.825111700141832
140567,1788980322.722155,10.7676914,106.6528371,30.11,3,11,817140000,-31.915176714035816,-29.3372711925492
140709,1788980323.39297,10.7676915,106.6528449,29.978,3,11,817792000,-31.204938298162645,-28.86471734678906
141007,1788980325.24922,10.7677014,106.6528481,29.889,3,11,819622000,-31.50953115550339,-27.749260789676253
141228,1788980326.020267,10.7677165,106.6528623,30.068,3,11,820298000,-31.1183195646398,-25.49448390039758
141371,1788980327.0897,10.7677623,106.6528843,29.994,3,11,821089000,-31.866632479776253,-19.90675396426907
141527,1788980327.845268,10.7677785,106.652889,29.93,3,11,822158000,-32.41431207277597,-18.11331358555671
141661,1788980328.49703,10.7677854,106.6528854,30.069,3,11,822893000,-33.16200781147305,-17.682109056109347
141815,1788980329.238435,10.7677936,106.652885,30.054,3,11,823629000,-33.6944283968129,-16.93935101295471
142111,1788980330.934692,10.7678089,106.6528808,30.053,3,11,825255000,-35.005000914463714,-15.758570100214918
142181,1788980331.639051,10.7678216,106.6528828,30.111,3,11,825986000,-35.58905056900851,-14.452640150976356
142478,1788980333.103354,10.7678185,106.6528994,29.861,3,11,827415000,-33.87725829813327,-13.756621481887368
142559,1788980333.733359,10.7678159,106.6529035,30.071,3,11,828149000,-33.343580962785545,-13.75618178878614
142832,1788980334.5623,10.7678318,106.6529227,30.107,3,11,828799000,-32.54157316472637,-11.12969621019067
142904,1788980335.339704,10.7678487,106.6529329,29.871,3,11,829622000,-32.62649597436219,-8.944202152671545
143198,1788980336.252589,10.7678798,106.6529477,30.036,3,11,830399000,-33.147381959358455,-5.158160452637624
143271,1788980337.017401,10.7678988,106.6529517,29.982,3,11,831301000,-33.928602747616296,-3.1445539808706613
143411,1788980337.662406,10.7679039,106.652952,29.869,3,11,832075000,-34.209347207093515,-2.6500051601898154
143623,1788980338.424071,10.7679181,106.6529527,29.935,3,11,832755000,-35.003452079459215,-1.2810605861015159
144274,1788980344.198963,10.767644,106.6534423,30.195,3,11,833531000,26.526387057155507,2.1719596533004406
144868,1788980348.549696,10.7673672,106.6533095,29.938,3,11,840175000,31.063699124255365,-31.588882480791597
145152,1788980350.508915,10.7674944,106.6533745,30.131,3,11,843650000,29.34351681409457,-15.838544475194153
145305,1788980351.315475,10.767509,106.6533821,30.176,3,11,845624000,29.158867342865484,-14.02244978776997
145463,1788980352.023204,10.7675164,106.6533939,29.898,3,11,846355000,29.795147262858478,-12.629971518601335
145653,1788980352.668209,10.7675149,106.6533955,29.814,3,11,847077000,30.03275184289093,-12.67517052221863
145724,1788980353.436189,10.7675117,106.6534104,29.957,3,11,847757000,31.594476043828763,-12.089454746373608
145932,1788980354.132112,10.7674999,106.6534121,30.189,3,11,848479000,32.463896361220975,-13.091529320312334
146303,1788980357.433693,10.7673507,106.6533384,29.923,3,11,850354000,34.71504210593418,-31.415016481778583
146517,1788980358.256092,10.7673353,106.6533563,30.112,3,11,852495000,37.289747097911885,-31.791565096118433
146900,1788980361.453218,10.7674789,106.6534317,29.845,3,11,854412000,35.53323310472888,-13.890594500538922
147132,1788980362.244484,10.7674937,106.653443,30.069,3,11,856529000,35.676269134495946,-11.836078406570376
147293,1788980363.00083,10.7675102,106.6534465,29.845,3,11,857300000,35.000257165960505,-10.085857380836847
147365,1788980363.678733,10.7675174,106.6534434,30.012,3,11,858061000,34.280342098604855,-9.596917021041445
147592,1788980364.361282,10.7675229,106.6534491,29.863,3,11,858743000,34.47130623453382,-8.744296189977318
147886,1788980366.017234,10.7675381,106.6534494,30.138,3,11,860330000,33.58001911133614,-7.305628678794985
147966,1788980366.646481,10.767543,106.6534462,30.041,3,11,861045000,32.98995539200951,-7.03762418428423
148097,1788980367.428154,10.7675477,106.6534332,30.132,3,11,861754000,31.51203582466075,-7.370292050010015
148249,1788980368.15218,10.7675549,106.6534252,29.971,3,11,862505000,30.342147857605593,-7.172340159488844
148464,1788980368.945564,10.7675461,106.6534123,30.048,3,11,863254000,29.68948328873865,-8.76101030855221
148535,1788980369.64224,10.7675394,106.6534096,29.927,3,11,864027000,29.846552488208253,-9.547647450876102
148859,1788980371.382244,10.7675388,106.6534052,29.93,3,11,865783000,29.478765050466045,-9.865029479069836
149084,1788980372.936028,10.7676293,106.6534605,30.196,3,11,866408000,29.086326571998413,1.8786606279385456
149226,1788980373.77151,10.7676465,106.6534415,30.048,3,11,867986000,26.301797672634688,2.358144077087653
149661,1788980376.140645,10.7675212,106.6535924,30.082,3,11,868791000,47.73348239139642,-0.39327914960428245
149735,1788980376.932259,10.7675084,106.6535874,29.864,3,11,871255000,48.048083411098006,-1.8867130141669861
149880,1788980377.679291,10.7675015,106.6535717,30.152,3,11,871971000,47.0234369098305,-3.4640558028408357
150107,1788980378.380576,10.7674936,106.653564,30.189,3,11,872728000,46.79388981095377,-4.659792472973898
150416,1788980380.201707,10.7674859,106.6535533,29.841,3,11,874529000,46.27675914532432,-6.0149899298558225
150486,1788980380.878741,10.7674804,106.6535521,30.041,3,11,875275000,46.499035428213745,-6.600376451716404
150639,1788980381.61265,10.7674796,106.6535435,30.164,3,11,875982000,45.757646887636824,-7.185872587549397
150842,1788980382.664374,10.7674462,106.6535051,30.055,3,11,876645000,44.2503509240907,-12.58840710006556
150984,1788980383.349379,10.7674443,106.6535055,30.132,3,11,877746000,44.40193796543116,-12.742259426261082
151131,1788980384.123527,10.7674291,106.6534892,30.184,3,11,878366000,43.823925822444025,-15.13109336969832
151425,1788980385.874141,10.7674153,106.6534737,29.909,3,11,880130000,43.23474896742428,-17.341551053629352
151812,1788980388.558997,10.767409,106.6534669,29.994,3,11,882920000,42.99113032130499,-18.334277505583778
152097,1788980390.009949,10.7673214,106.6534836,30.193,3,11,883629000,49.82011116784659,-25.531135083592225
152240,1788980390.880584,10.7673071,106.6535101,29.863,3,11,885049000,53.11806976979672,-25.294144432679893
152458,1788980392.172625,10.767304,106.6535254,30.121,3,11,886474000,54.71048147598092,-24.67532678600318
152606,1788980393.163499,10.7673439,106.6535437,30.092,3,11,887201000,53.97904674002871,-19.85883771622759
152820,1788980393.950155,10.767358,106.6535291,30.192,3,11,888206000,51.785969421295874,-19.40783750267607
153117,1788980396.15388,10.7675048,106.6536234,29.977,3,11,888987000,51.57162592639639,-0.08535609542274258
153258,1788980397.0288,10.7675169,106.6535952,29.812,3,11,891190000,48.25054376863294,-0.6289515453473378
153483,1788980398.2817,10.7674578,106.6535615,30.174,3,11,892094000,48.728413519008484,-8.154736089595126
153770,1788980399.90754,10.7673679,106.6535068,29.875,3,11,893376000,49.13968085949263,-19.80670869631021
153842,1788980400.813116,10.7673833,106.6534777,30.103,3,11,894951000,45.53646638105505,-20.095276584633176
153986,1788980401.491086,10.7673933,106.6534785,30.117,3,11,895836000,45.00543365832446,-19.112997281721448
154199,1788980402.324769,10.7674043,106.6534953,29.909,3,11,896578000,45.883250431720455,-17.087074449224055
154343,1788980403.048404,10.7674177,106.6535007,30.014,3,11,897351000,45.569112032888626,-15.513800164742321
154485,1788980403.91663,10.7674319,106.6535258,30.153,3,11,898089000,47.01568854111902,-12.695851781446926
154629,1788980404.551635,10.7674365,106.6535266,29.831,3,11,898937000,46.81108456926934,-12.218348808080655
154773,1788980405.255919,10.7674412,106.6535364,29.965,3,11,899592000,47.42691645561405,-11.19702950824406
154986,1788980405.973499,10.76745,106.6535479,30.166,3,11,900276000,47.95101733981539,-9.691498921275123
155067,1788980406.687312,10.7674606,106.6535491,30.021,3,11,901023000,47.420447236649565,-8.629379199288277
155827,1788980412.122211,10.7678619,106.6538912,30.052,3,11,901706000,54.57740999139922,49.19872628631114
155896,1788980412.762216,10.7678637,106.6538908,30.053,3,11,907145000,54.43186792569351,49.34323090174565
156040,1788980413.494344,10.767866,106.6538753,29.95,3,11,907785000,52.86944979345105,48.63775449602208
156267,1788980415.068675,10.7678617,106.6538691,29.821,3,11,909432000,52.56003033315817,47.867613481705874
156415,1788980415.792548,10.7678559,106.6538614,30.075,3,11,910136000,52.203538719942586,46.8681787176732
156630,1788980416.513365,10.767859,106.6538549,29.951,3,11,910879000,51.41924161046316,46.77195260869723
156770,1788980417.222823,10.7678448,106.6538497,30.146,3,11,911514000,51.80010606401047,45.13577372540537
156913,1788980417.91192,10.7678379,106.6538429,30.17,3,11,912253000,51.59275728051256,44.08696101529043
157056,1788980419.01739,10.7677888,106.6538164,29.914,3,11,912932000,52.12731401358745,37.923522346181194
157273,1788980419.81899,10.7677734,106.6538201,29.805,3,11,914102000,53.3980159074297,36.703701023605426
157415,1788980420.58972,10.7677541,106.6538256,29.986,3,11,914833000,55.06976806587474,35.226212741755226
157557,1788980421.291683,10.7677457,106.653832,29.891,3,11,915623000,56.16526582823051,34.82107169024467
157773,1788980422.128346,10.7677206,106.6538425,30.187,3,11,916304000,58.64678266586501,33.098343249645126
157919,1788980422.99022,10.7676957,106.6538288,30.071,3,11,917155000,58.893894410063304,29.95718350021301
158070,1788980423.696782,10.7676987,106.6538153,30.015,3,11,917996000,57.4728238488682,29.435911867638183
158214,1788980424.346787,10.7676945,106.6538122,30.098,3,11,918722000,57.44203614459073,28.85921330933823
158356,1788980425.120467,10.7677042,106.6537999,30.058,3,11,919402000,55.72614957667586,29.03550071562289
158500,1788980425.770472,10.7677071,106.6537967,30.05,3,11,920145000,55.25698539474832,29.11655101395035
158656,1788980426.436267,10.767709,106.6537897,30.113,3,11,920795000,54.49931240574094,28.87845968636875
158802,1788980427.12413,10.7677168,106.6537867,30.136,3,11,921470000,53.752310596936105,29.429424845016797
159018,1788980428.032752,10.7676923,106.6537622,29.905,3,11,922137000,52.98346542931641,25.684293593172733
159091,1788980428.737757,10.7676879,106.6537631,30.019,3,11,923110000,53.332092495576134,25.32644122364539
159306,1788980429.480095,10.767678,106.6537692,30.126,3,11,923795000,54.4907155501552,24.7632689044843
159467,1788980431.05551,10.7676709,106.6537664,30.181,3,11,925407000,54.66278153588948,23.933302382298045
159692,1788980431.757161,10.7676642,106.6537779,29.929,3,11,926057000,56.123853833494536,23.989937948210077
159837,1788980432.694009,10.7676567,106.6538074,30.186,3,11,926838000,59.286247621354256,25.040729072429787
160051,1788980433.389412,10.7676561,106.6538134,30.109,3,11,927754000,59.87350470721942,25.3409552255815
160194,1788980434.163734,10.7676673,106.6538301,30.154,3,11,928399000,60.73004840577848,27.37963493688887
160275,1788980434.84874,10.7676676,106.6538354,29.88,3,11,929218000,61.19861885814987,27.722420697672916
160489,1788980435.577719,10.7676728,106.653843,29.928,3,11,929913000,61.582197211294876,28.65983066234113
160883,1788980438.392788,10.7676848,106.653854,30.127,3,11,932661000,61.866943232428206,30.434795261397362
161098,1788980439.271414,10.7677098,106.6538642,30.102,3,11,933441000,61.292377297668644,33.37745381424464
161241,1788980440.06465,10.7677288,106.6538712,29.847,3,11,934294000,60.78665012108639,35.56921649158469
161382,1788980441.03597,10.7677654,106.6538755,30.11,3,11,935112000,58.96906276479491,39.24583550988753
161603,1788980441.931415,10.7677844,106.6538584,30.198,3,11,936113000,56.25020356972075,40.00640999941897
161764,1788980443.036669,10.7677947,106.6538577,29.981,3,11,937358000,55.56328910924288,40.92765432811943
161975,1788980443.673734,10.767795,106.653852,30.055,3,11,938038000,55.021716314888764,40.617200665937055
162047,1788980444.386523,10.7678066,106.6538506,30.099,3,11,938695000,54.191935312067855,41.6183954407622
162258,1788980445.106626,10.7678217,106.6538565,29.826,3,11,939372000,53.82094790958499,43.38027349394686
162406,1788980445.795116,10.7678207,106.6538645,30.198,3,11,940137000,54.61604731077813,43.76187961147768
162638,1788980447.558798,10.76782,106.6538709,29.892,3,11,941915000,55.246081855554415,44.07651221595899
162772,1788980448.228803,10.7678213,106.6538745,30.099,3,11,942593000,55.49808949109778,44.41181989058087
162918,1788980449.02699,10.7678176,106.6538887,30.165,3,11,943308000,57.02575673331954,44.909227336035435
163133,1788980449.743253,10.7678044,106.6538937,29.945,3,11,944026000,58.28284970089638,43.97225665139128
163275,1788980450.498657,10.7677955,106.6539076,29.962,3,11,944762000,60.09730637942775,43.96576756641395
163484,1788980451.427016,10.7678295,106.6539251,30.065,3,11,945487000,59.64906031598795,48.18323343607332
163643,1788980452.166821,10.767845,106.6539233,29.957,3,11,946435000,58.54679273453487,49.52523473311125
163714,1788980452.958735,10.7678559,106.6539094,30.132,3,11,947209000,56.61143651849702,49.71867801443791
164007,1788980454.431159,10.7678591,106.6538913,30.167,3,11,948675000,54.75585246353923,48.942928951635565
164306,1788980456.417496,10.7677915,106.6540228,29.948,3,11,949477000,70.91806017023457,50.433057485945106
164534,1788980458.25426,10.7677962,106.6540097,30.108,3,11,952538000,69.43095748301863,50.094451080371115
164686,1788980458.879265,10.7677952,106.6540052,29.947,3,11,953239000,69.0781668328461,49.73373967315894
164892,1788980459.604812,10.7677937,106.6539976,29.875,3,11,953944000,68.47092433420241,49.14219497059422
165032,1788980460.586206,10.767757,106.6539722,30.094,3,11,954584000,68.3569182606173,44.203196260138775
165256,1788980462.265136,10.7677556,106.6539868,30.188,3,11,956540000,69.78228351702163,44.939355192110426
165399,1788980462.987665,10.7677593,106.6539945,29.905,3,11,957318000,70.26571964436128,45.742488050374796
165539,1788980463.658854,10.7677546,106.6540007,30.013,3,11,957995000,71.11918702289637,45.67133518194918
165750,1788980464.548569,10.7677402,106.6540251,30.002,3,11,958696000,74.23034507272297,45.77426877870296
165897,1788980465.798643,10.767724,106.6540254,30.095,3,11,960055000,75.237180686487,44.27775541012301
166113,1788980466.729425,10.7677193,106.6539877,29.841,3,11,960790000,72.0592582045123,41.599583393899515
166339,1788980468.641698,10.7677256,106.6539664,29.957,3,11,962845000,69.72242001385484,40.92358004909276
166556,1788980469.325191,10.7677195,106.6539582,29.983,3,11,963637000,69.33814772940521,39.866409454546
166704,1788980469.995339,10.7677159,106.6539527,30.089,3,11,964340000,69.05069527394889,39.20327219045444
166774,1788980470.664166,10.7677073,106.6539484,29.947,3,11,964980000,69.17568910697523,38.14401191821964
167070,1788980471.929301,10.7676513,106.6539035,30.137,3,11,965673000,68.43765508790622,30.242889875418044
167290,1788980473.167564,10.7676384,106.6538971,30.103,3,11,967438000,68.62973739737932,28.65696873698994
167434,1788980473.812219,10.7676331,106.6539008,29.981,3,11,968156000,69.28989662739374,28.381266105081707
167665,1788980475.617689,10.7676278,106.6538998,30.193,3,11,969970000,69.51844919755042,27.826452083429597
167806,1788980476.29006,10.7676162,106.653899,30.065,3,11,970585000,70.14620155013584,26.694609423670855
168106,1788980478.077162,10.767607,106.6539008,29.817,3,11,972392000,70.86763559019954,25.941513845279886
168247,1788980478.733412,10.7676003,106.6539057,29.812,3,11,973059000,71.72262194003031,25.606205757580838
168460,1788980479.506186,10.767589,106.6539208,29.956,3,11,973735000,73.79235550843624,25.44663411948195
168531,1788980480.308719,10.7675926,106.6539444,29.976,3,11,974492000,75.74195275892589,27.18464716040197
168747,1788980480.963724,10.7675975,106.6539446,30.077,3,11,975314000,75.4641151333536,27.654562021566463
168815,1788980481.603802,10.7675985,106.6539522,30.172,3,11,975934000,76.10158251637391,28.19936817504385
169119,1788980483.596347,10.7677151,106.654047,29.949,3,11,976614000,77.75873763785671,44.72853392130657
169414,1788980485.371105,10.7677222,106.6540528,29.957,3,11,979686000,77.862165263798,45.73665664906591
169497,1788980486.061792,10.7677328,106.6540554,30.171,3,11,980360000,77.4601588466028,46.881915933991095
169779,1788980487.676168,10.7677441,106.654052,29.843,3,11,981965000,76.46485036529766,47.73629677483775
170074,1788980489.31843,10.767758,106.6540555,30.052,3,11,983584000,75.94600779537029,49.24347734554959
170378,1788980491.179735,10.7677695,106.6540555,29.897,3,11,985471000,75.25083545545975,50.31846397339599
170607,1788980492.987227,10.7677721,106.6540492,30.092,3,11,987322000,74.51512947128892,50.18737639603904
170822,1788980493.897903,10.7677951,106.6540221,29.902,3,11,987969000,70.63615915988795,50.72800525767229
171113,1788980495.649043,10.7676793,106.6539762,30.067,3,11,988894000,73.42119010480553,37.177567347680345
171259,1788980496.306837,10.7676838,106.6539806,30.02,3,11,990645000,73.55322344327695,37.85951005764572
171472,1788980497.230173,10.7676528,106.6539873,30.041,3,11,991332000,76.04243534033589,35.359602210679
171543,1788980497.998899,10.7676374,106.6539775,29.845,3,11,992225000,76.07341597772297,33.338077960492555
171700,1788980498.736403,10.7676251,106.6539672,29.839,3,11,992983000,75.87108673017946,31.576640013486305
171913,1788980499.453337,10.7676255,106.6539554,29.857,3,11,993740000,74.76329861446959,30.913283109216664
172053,1788980500.114458,10.7676192,106.6539485,30.058,3,11,994421000,74.51049684848313,29.914618117414033
172195,1788980500.836823,10.7676248,106.6539357,29.8,3,11,995102000,72.99653873166525,29.67795672133007
172336,1788980501.561621,10.7676407,106.6539326,30.079,3,11,995804000,71.75071067667189,30.98014783444809
172478,1788980502.211626,10.7676438,106.6539351,30.184,3,11,996553000,71.79289440341684,31.41839034320136
172692,1788980503.077554,10.7676711,106.6539472,30.198,3,11,997193000,71.25377328867762,34.68887848535226
172764,1788980503.78399,10.7676761,106.6539571,30.163,3,11,998073000,71.86065336559001,35.74417945530017
172908,1788980504.438763,10.7676831,106.6539599,29.84,3,11,998759000,71.69463235668812,36.56479826773538
173132,1788980505.483768,10.7676827,106.6539646,30.181,3,11,999823000,72.15041892267773,36.80651881746509
173228,1788980506.174507,10.7676845,106.6539761,29.907,3,11,1000458000,73.09766818641721,37.6577097170316
173563,1788980508.675127,10.7677197,106.6541359,30.197,3,11,1001573000,85.64446274793318,50.437890810657144
173797,1788980509.701236,10.7676825,106.6541094,30.071,3,11,1003668000,85.45966723366065,45.38682960856455
173941,1788980510.62116,10.7676595,106.6541341,29.831,3,11,1004699000,89.11824265509178,44.70367578230132
174311,1788980512.976428,10.7675496,106.6540654,30.105,3,11,1006168000,89.45286851095098,30.350765585545847
174530,1788980514.29528,10.767481,106.6541046,30.179,3,11,1007953000,97.1995058451492,26.26614441620351
174733,1788980515.183419,10.7675099,106.6541145,30.143,3,11,1009286000,96.36163645162465,29.555548031111766
174803,1788980515.891902,10.7675177,106.654119,30.072,3,11,1010194000,96.3033686733138,30.551903704536443
175098,1788980518.142699,10.7676861,106.6541749,29.977,3,11,1010887000,91.25699193687639,49.61309099356708
175317,1788980519.223781,10.7677165,106.6541327,30.011,3,11,1013132000,85.54404215503529,49.948730810683664
175903,1788980524.063608,10.7672899,106.6539802,29.947,3,11,1014258000,97.32765484996295,1.01512696419789
176132,1788980524.743722,10.7672973,106.6539746,30.042,3,11,1019042000,96.36607181780053,1.374299238173272
176204,1788980525.457159,10.7672992,106.6539618,30.101,3,11,1019722000,95.07577784506896,0.7917725793079526
176492,1788980526.17336,10.7672946,106.6539505,30.197,3,11,1020445000,94.31615417344408,-0.3092771152519731
176563,1788980527.139105,10.7672571,106.6539347,30.186,3,11,1021146000,95.1320874741826,-4.752957644863734
176780,1788980527.84411,10.767258,106.6539381,30.146,3,11,1022176000,95.38990877742846,-4.466917889108501
176919,1788980528.499457,10.7672523,106.6539462,30.124,3,11,1022791000,96.47830521122096,-4.518715592519456
177000,1788980529.257738,10.7672556,106.6539576,30.1,3,11,1023531000,97.32569670207074,-3.5332475857051975
177167,1788980529.953168,10.7672455,106.653965,29.86,3,11,1024219000,98.61579027652536,-4.037914301444289
177360,1788980530.763703,10.7672228,106.65397,30.059,3,11,1024929000,100.44715604650628,-5.8629174175855
177434,1788980531.648325,10.7671964,106.6539551,29.942,3,11,1025749000,100.6747449989032,-9.21555529667765
177651,1788980532.463963,10.767188,106.653933,29.805,3,11,1026628000,99.15305344381588,-11.313180305352148
177871,1788980533.723968,10.7671855,106.6539298,29.901,3,11,1028053000,99.01031801287661,-11.736906336736205
178096,1788980534.813802,10.7671579,106.6538898,29.913,3,11,1028748000,97.00548346389533,-16.692290323849285
178242,1788980535.689028,10.7671395,106.6539107,29.941,3,11,1029812000,100.03703137359358,-17.171114026807977
178384,1788980536.471103,10.7671184,106.6539086,29.928,3,11,1030652000,101.11967596410682,-19.268190140808137
178527,1788980537.171671,10.7671075,106.6539085,29.828,3,11,1031449000,101.76939532294118,-20.293029049664362
178678,1788980537.986603,10.7670822,106.6539007,30.085,3,11,1032119000,102.58249107806031,-23.121205766968743
178974,1788980539.775373,10.7670776,106.6538935,29.905,3,11,1034073000,102.19937534448009,-23.978775312561837
179117,1788980540.410378,10.7670753,106.6538893,30.021,3,11,1034736000,101.95271875587684,-24.443191326135434
179272,1788980541.153976,10.7670705,106.6538767,30.12,3,11,1035406000,101.08580447311829,-25.640137462443683
179571,1788980542.914072,10.7670772,106.6538495,29.959,3,11,1037034000,98.18298227164735,-26.62912383954422
179877,1788980544.675467,10.7670836,106.6538511,29.85,3,11,1038989000,97.94303367771818,-25.935853769189343
180121,1788980546.222722,10.7671168,106.6538359,29.864,3,11,1040260000,94.54026705510219,-23.73507222300551
180336,1788980547.358998,10.7670681,106.6538118,30.02,3,11,1041232000,95.2710387706027,-29.71859508814847
180406,1788980548.053701,10.7670584,106.6538165,29.84,3,11,1042328000,96.28900818674404,-30.34621154973584
180546,1788980548.743047,10.7670465,106.6538215,29.962,3,11,1042997000,97.46751645496315,-31.161662006786123
180765,1788980549.486157,10.7670422,106.6538276,29.951,3,11,1043791000,98.28762080478181,-31.201362576567554
180908,1788980550.434066,10.7670187,106.6538499,29.882,3,11,1044509000,101.75602622083446,-32.07377991688021
181053,1788980551.135067,10.7670249,106.6538591,30.184,3,11,1045406000,102.22608473364858,-30.94787620988079
181192,1788980551.78657,10.7670187,106.6538638,30.145,3,11,1046086000,103.03247995806335,-31.24832282903283
181407,1788980552.535959,10.767027,106.6538766,30.193,3,11,1046767000,103.70618629133234,-29.712329768738954
181545,1788980553.917803,10.7670964,106.6539302,29.865,3,11,1047481000,104.4331248853493,-20.041961614484038
181985,1788980556.436271,10.767129,106.6539393,30.187,3,11,1050492000,103.29812638347357,-16.45420105878967
182128,1788980557.209437,10.767148,106.6539365,29.969,3,11,1051400000,101.89245340640207,-14.844415321174104
182351,1788980558.849698,10.7671576,106.6539401,30.177,3,11,1053123000,101.64272796174455,-13.733247732399846
182493,1788980559.568015,10.7671601,106.6539489,30.005,3,11,1053853000,102.29971813667362,-12.976963449428474
182712,1788980560.367331,10.7671697,106.6539628,30.114,3,11,1054581000,102.99585409445132,-11.254126220000884
182856,1788980561.345061,10.7672014,106.6539931,30.189,3,11,1055310000,103.86208191117996,-6.49152453064643
182928,1788980562.130554,10.7672193,106.6540007,30.007,3,11,1056317000,103.47794820319405,-4.366955419445091
183138,1788980562.922613,10.7672413,106.6540089,30.127,3,11,1057072000,102.90106916549809,-1.8234989655150926
183302,1788980563.620587,10.7672507,106.6540075,29.917,3,11,1057899000,102.20427765515339,-1.0279538056974644
183516,1788980564.376367,10.7672626,106.6540085,30.199,3,11,1058631000,101.57675661159045,0.1438090633429283
183585,1788980565.025946,10.7672684,106.6540056,30.144,3,11,1059331000,100.95983746135691,0.5137585664997886
183881,1788980566.890772,10.7672851,106.6539967,30.066,3,11,1061080000,99.13302860646061,1.5462960258306424
184411,1788980571.134888,10.7675708,106.654275,30.187,3,11,1061834000,107.4191537995594,44.7796603258281
184543,1788980571.881299,10.7675595,106.6542771,29.864,3,11,1066138000,108.29508171465373,43.84807846205735
184758,1788980572.725806,10.7675382,106.6542694,29.949,3,11,1066879000,108.87556151625425,41.39974867764563
184871,1788980573.455431,10.767524,106.6542665,29.852,3,11,1067683000,109.46763773990423,39.90015621913557
185114,1788980574.727014,10.7674667,106.6542269,30.146,3,11,1068447000,109.29489380186382,32.192256579261034
185426,1788980577.389509,10.7674602,106.6542251,29.823,3,11,1071688000,109.52252113158599,31.477761718614783
185649,1788980578.031442,10.7674547,106.6542204,29.803,3,11,1072325000,109.42338819954888,30.684526289408346
185790,1788980578.737818,10.7674463,106.6542132,30.189,3,11,1072996000,109.2699815869947,29.4717437711168
185860,1788980579.403167,10.7674493,106.6542043,29.902,3,11,1073677000,108.27133456448517,29.22364498759373
186152,1788980581.255447,10.7674651,106.6541983,30.054,3,11,1075457000,106.76524099440839,30.344270725401866
186292,1788980581.953306,10.7674788,106.654196,29.867,3,11,1076184000,105.72586739343872,31.48832054398583
186507,1788980582.646918,10.7674894,106.6541968,30.051,3,11,1076906000,105.15856480808677,32.526686105058076
186578,1788980583.337776,10.7674986,106.6542036,29.88,3,11,1077589000,105.22687912499347,33.79049614145339
186804,1788980584.506545,10.76755,106.6542358,30.116,3,11,1078304000,105.07672578635962,40.507428926922756
186954,1788980585.274024,10.7675592,106.654242,29.879,3,11,1079527000,105.08994138004081,41.73560772186313
187121,1788980586.003576,10.7675704,106.6542513,29.96,3,11,1080224000,105.2669341692781,43.33483545908598
187252,1788980586.673324,10.767574,106.6542561,29.854,3,11,1080973000,105.49010478174911,43.956402941708376
187643,1788980589.494317,10.7673441,106.6543074,30.035,3,11,1081667000,124.09844737490855,25.512489216261436
187860,1788980590.754272,10.7673874,106.6543586,29.845,3,11,1084492000,126.18273004186884,32.600580145918485
188003,1788980591.626339,10.7673993,106.6543374,29.957,3,11,1085756000,123.51655626783791,32.45398709085141
188450,1788980594.905991,10.7671247,106.6542383,29.979,3,11,1086558000,131.01559042170837,0.9000826196035803
188595,1788980595.825563,10.7671146,106.654207,30.014,3,11,1089877000,128.75181639615187,-1.9027991541045992
188820,1788980596.841727,10.7670854,106.654176,29.91,3,11,1090801000,127.6701823147696,-6.473277879823634
189118,1788980598.809145,10.7670598,106.6541625,29.956,3,11,1092892000,127.97797513674362,-9.667994518148781
189339,1788980600.297353,10.7669747,106.6541141,29.898,3,11,1093744000,128.6776201730112,-20.49714902161211
189481,1788980601.138645,10.7669552,106.6541055,30.064,3,11,1095292000,129.0666423069601,-22.830666891518156
189948,1788980604.06726,10.766922,106.6540946,30.189,3,11,1098093000,130.07261450199545,-26.58140743006991
190091,1788980604.731643,10.7669135,106.6540951,29.819,3,11,1099001000,130.63235313911198,-27.346270061951614
190322,1788980605.867126,10.7668606,106.654116,30.196,3,11,1099690000,135.74941806864928,-31.050053648615553
190510,1788980606.706755,10.7668663,106.6541354,29.862,3,11,1100870000,137.18637974699564,-29.3651573905762
190764,1788980608.617106,10.76688,106.6541525,29.962,3,11,1102764000,137.92853150585773,-27.069030772917557
190908,1788980609.468101,10.766898,106.6541738,29.86,3,11,1103559000,138.79644031733636,-24.121533944824144
191053,1788980610.176113,10.7669075,106.6541785,30.102,3,11,1104424000,138.6537741745753,-22.95439012325111
191414,1788980611.962224,10.7670201,106.6542416,29.891,3,11,1105117000,137.6416792006982,-8.681650012632353
191567,1788980613.058401,10.7670675,106.6542631,29.805,3,11,1106923000,136.75073105234858,-2.9740494212635653
191638,1788980613.824259,10.7670825,106.654273,30.07,3,11,1108004000,136.75311344357053,-0.9839774695552492
191854,1788980614.606366,10.7670978,106.654267,30.013,3,11,1108799000,135.27724475797774,0.0899097189995004
192150,1788980616.255952,10.7671139,106.654269,29.939,3,11,1110451000,134.48766588984375,1.7136618017662784
192302,1788980616.936153,10.7671215,106.654262,30.132,3,11,1111185000,133.38542921924358,2.008389933315385
192600,1788980618.779387,10.7671234,106.6542497,30.193,3,11,1113010000,132.14105084726035,1.4555559743689415
192743,1788980619.865651,10.7670823,106.6542251,29.968,3,11,1113768000,132.36648871996042,-3.8472336452959865
192887,1788980620.620202,10.7670726,106.6542375,30.055,3,11,1114819000,134.09155840633008,-4.017582512410307
193034,1788980621.350446,10.7670636,106.6542356,29.807,3,11,1115608000,134.46112703796075,-4.971708658175395
193256,1788980622.134682,10.7670536,106.6542305,30.092,3,11,1116373000,134.59728558291235,-6.209345189750358
193426,1788980623.966026,10.7670453,106.6542297,29.874,3,11,1118232000,135.0255537002607,-7.032713425220116
193724,1788980624.890579,10.7670128,106.6542115,29.879,3,11,1118888000,135.31884326769273,-11.151533429252702
193942,1788980626.399396,10.7669336,106.6541624,29.967,3,11,1119882000,135.5975528257175,-21.4707428355524
194088,1788980627.138534,10.7669211,106.654154,29.86,3,11,1121340000,135.58179281986264,-23.13804393835961
194160,1788980627.866862,10.7669101,106.6541437,30.113,3,11,1122069000,135.30087887296136,-24.777961657772018
194446,1788980628.571098,10.7669017,106.6541345,30.052,3,11,1122797000,134.96380985131844,-26.109514980622876
194531,1788980629.228072,10.766907,106.6541294,30.074,3,11,1123501000,134.17508693663842,-25.91695191080906
194673,1788980629.984664,10.7669199,106.6541274,30.105,3,11,1124202000,133.21162251144904,-24.829868150177056
194891,1788980630.768402,10.7669363,106.6541244,30.171,3,11,1124953000,131.94475269325122,-23.474999947279585
194963,1788980631.86646,10.7669839,106.6541486,29.982,3,11,1125711000,131.28965884320354,-17.588363350214138
195252,1788980632.893404,10.7670251,106.6541669,29.988,3,11,1126814000,130.47963940930597,-12.650354052166833
195396,1788980633.883673,10.7670603,106.6541895,29.89,3,11,1127835000,130.4271927639723,-8.017850114684038
195632,1788980635.814139,10.7670725,106.6542035,29.884,3,11,1129980000,130.9753424431165,-6.046033890552607
195837,1788980636.469127,10.7670757,106.6542123,30.021,3,11,1130720000,131.5900177798968,-5.2243156388257646
195982,1788980637.226761,10.7670826,106.6542204,29.956,3,11,1131464000,131.91674712949816,-4.098301905620673
196121,1788980637.884819,10.7670858,106.6542295,29.853,3,11,1132131000,132.55897182718502,-3.258768033505298
196340,1788980639.231756,10.767018,106.6541861,30.145,3,11,1132824000,132.67199188588123,-12.173841730108073
196483,1788980639.933947,10.7670156,106.6541757,29.894,3,11,1134170000,131.86202680710983,-13.015794946807056
196779,1788980641.733671,10.7670078,106.6541699,29.949,3,11,1135977000,131.80091401931725,-14.089351643321884
196923,1788980642.548739,10.7669894,106.6541634,29.898,3,11,1136701000,132.31628693663646,-16.19533536089471
197153,1788980644.421937,10.7669767,106.6541631,30.124,3,11,1138636000,133.0564496380584,-17.400310126806403
197369,1788980645.155643,10.7669726,106.6541725,30.167,3,11,1139394000,134.16750700809948,-17.225343450280207
197515,1788980645.834282,10.7669778,106.6541779,29.942,3,11,1140097000,134.34905671252878,-16.418581370033763
197817,1788980647.783167,10.7670014,106.654192,29.935,3,11,1141860000,134.21726214965958,-13.375187686948799
197897,1788980648.486297,10.7670135,106.6541962,29.947,3,11,1142698000,133.87151100645187,-11.994696111449002
198783,1788980654.498804,10.7667954,106.6547478,29.828,3,11,1143416000,197.70969775207945,0.37493654471535365
198863,1788980655.209451,10.7667862,106.6547401,29.873,3,11,1149428000,197.55873535245308,-0.9423203528455275
199006,1788980655.985551,10.7667752,106.6547293,30.138,3,11,1150173000,197.23190580371326,-2.6119307733528103
199221,1788980656.695216,10.7667741,106.654719,30.039,3,11,1150929000,196.35253914686368,-3.3264252219318564
199508,1788980658.910748,10.7666234,106.6546298,29.826,3,11,1151623000,197.2709758802531,-22.71060176165409
199579,1788980659.62685,10.7666118,106.6546251,29.891,3,11,1153838000,197.5405865385506,-24.074047488317547
199863,1788980660.589926,10.7665778,106.6546203,29.988,3,11,1154599000,199.1550888942881,-27.53731875252754
199937,1788980661.3637,10.7665651,106.6546182,29.865,3,11,1155572000,199.72995542776812,-28.849187242624282
200009,1788980662.122913,10.7665482,106.6546237,30.045,3,11,1156285000,201.2566281412698,-30.10233048895489
200291,1788980662.818221,10.766539,106.6546283,30.077,3,11,1157049000,202.2351895519697,-30.6891469423131
200363,1788980663.559584,10.7665336,106.654644,30.113,3,11,1157734000,204.00336820812888,-30.261572459992166
200670,1788980665.078889,10.7665342,106.654662,29.932,3,11,1159240000,205.62006002088842,-29.136548965183493
200749,1788980666.014825,10.7665615,106.6546871,30.063,3,11,1159999000,206.2747445593534,-25.094050597194695
201047,1788980666.758713,10.7665711,106.6546974,29.893,3,11,1160954000,206.6402881823374,-23.585000814961134
201122,1788980667.562662,10.7665803,106.6547108,30.114,3,11,1161737000,207.3146884457134,-21.929247125798696
201346,1788980668.402019,10.7666016,106.6547167,30.1,3,11,1162520000,206.56891247606353,-19.587811065405972
201729,1788980671.097289,10.7666885,106.6547732,30.055,3,11,1164464000,206.50429060967366,-8.10937602886382
201873,1788980671.948332,10.7667148,106.6547799,29.976,3,11,1166019000,205.52973076073724,-5.253046155934584
202012,1788980672.735604,10.7667346,106.6547905,30.056,3,11,1166850000,205.30623610537992,-2.7727143522160844
202158,1788980673.508576,10.7667508,106.6547957,30.052,3,11,1167672000,204.80447211302118,-0.9495812734187723
202309,1788980674.250989,10.7667686,106.6547986,29.961,3,11,1168404000,203.99477672342226,0.8865287389655094
202599,1788980676.12519,10.7667853,106.6547943,30.114,3,11,1170286000,202.59039140851652,2.192239048192036
202811,1788980676.745195,10.7667859,106.6547892,30.011,3,11,1171015000,202.08578240537105,1.9454597562058922
202884,1788980677.592548,10.7668016,106.6547754,29.856,3,11,1171720000,199.8694504208335,2.593531648931787
203031,1788980678.67597,10.7667505,106.6547566,30.066,3,11,1172492000,201.2320069628408,-3.2995936210437975
203251,1788980679.337965,10.7667459,106.6547615,30.019,3,11,1173595000,201.96004879974512,-3.438599801964571
203393,1788980679.96297,10.7667415,106.6547614,30.117,3,11,1174231000,202.21684466080796,-3.855837574193515
203607,1788980680.697816,10.7667272,106.6547565,29.951,3,11,1174876000,202.6313034535066,-5.483548546170027
203920,1788980682.57196,10.7667163,106.6547506,29.935,3,11,1176775000,202.74840182741914,-6.852822787319937
204133,1788980684.333298,10.7666031,106.6546909,30.18,3,11,1177469000,204.10899275767196,-20.979738789445463
204277,1788980685.091011,10.7665891,106.654682,30.004,3,11,1179255000,204.1379918015886,-22.81694824112141
204418,1788980685.75572,10.766587,106.654673,29.988,3,11,1179987000,203.4384554794883,-23.547718764618963
204658,1788980687.041039,10.7665796,106.6546684,30.176,3,11,1181276000,203.46336022908272,-24.51262213939947
204800,1788980687.832565,10.7665787,106.6546507,29.969,3,11,1181986000,201.89235270783425,-25.64787314323881
205035,1788980689.427127,10.7666081,106.6546544,30.068,3,11,1183467000,200.4549049630399,-22.67992047278362
205340,1788980691.049103,10.7666202,106.6546547,30.197,3,11,1185251000,199.75101212271954,-21.53103196554426
205489,1788980692.448346,10.7666974,106.6546961,30.111,3,11,1185952000,198.88610183056056,-11.85604435074481
205703,1788980693.447953,10.7667329,106.6547201,30.086,3,11,1187366000,198.94408394200536,-7.112357720226626
205859,1788980694.301237,10.7667469,106.6547366,30.054,3,11,1188415000,199.61300204844986,-4.82381921392583
206003,1788980694.973019,10.7667496,106.654744,29.868,3,11,1189213000,200.12933858222382,-4.131979074902532
206224,1788980696.204128,10.7667598,106.6547514,30.073,3,11,1190399000,200.19230185219044,-2.7390606995554947
206432,1788980697.550129,10.76669,106.6547073,29.973,3,11,1191100000,200.3619396053004,-11.882658373810742
206575,1788980698.205134,10.7666907,106.6547024,29.952,3,11,1192465000,199.8696518676669,-12.108212874661604
206878,1788980700.124747,10.7666746,106.6546961,29.964,3,11,1194275000,200.2643565567169,-13.987322186935515
207190,1788980702.543027,10.7666673,106.6546951,30.074,3,11,1196784000,200.61380866427265,-14.729090404770943
207403,1788980703.331168,10.7666562,106.6546827,30.137,3,11,1197487000,200.14609416535524,-16.503065178507953
207559,1788980704.067194,10.7666486,106.6546871,30.154,3,11,1198295000,201.00956970635855,-16.952195354549502
207703,1788980704.785518,10.7666478,106.6547011,29.947,3,11,1198966000,202.34356637843572,-16.19558140536043
207845,1788980705.627323,10.766671,106.6547144,29.875,3,11,1199689000,202.1624867601509,-13.237086882763094
207990,1788980706.330082,10.7666746,106.6547202,30.131,3,11,1200575000,202.4774885765138,-12.556133998283016
208206,1788980707.046183,10.7666822,106.6547199,30.115,3,11,1201282000,201.99052097355514,-11.863523673274628
208590,1788980710.372731,10.7666415,106.6550182,29.985,3,11,1201938000,231.84407474910296,2.046623853678014
208809,1788980711.207519,10.7666416,106.6549996,29.996,3,11,1205344000,230.12996937518395,0.9514030858377822
209101,1788980712.923254,10.7666006,106.6549785,30.083,3,11,1206803000,230.67077148467317,-4.134189917574162
209257,1788980714.640214,10.7666062,106.6549942,29.821,3,11,1208793000,231.77400268529837,-2.678367356494178
209475,1788980715.337598,10.7665972,106.6549996,29.862,3,11,1209544000,232.81393910507867,-3.1989800688668595
209698,1788980716.913192,10.7665999,106.6550069,30.196,3,11,1211146000,233.32109252039783,-2.513078469013905
209912,1788980718.127893,10.7665332,106.6549912,29.931,3,11,1211796000,235.91134218679403,-9.680351722688272
209984,1788980718.782899,10.766533,106.6549879,29.966,3,11,1213035000,235.6203891665716,-9.895018968995942
210280,1788980719.908482,10.7664793,106.6549607,30.073,3,11,1213655000,236.36873299397337,-16.530022069935384
210355,1788980720.735258,10.7664576,106.6549658,29.976,3,11,1214830000,238.14883211517565,-18.25560954821978
210640,1788980721.371885,10.7664511,106.6549644,30.129,3,11,1215611000,238.41319192577888,-18.94635024879534
210712,1788980722.343448,10.7664185,106.6549416,30.143,3,11,1216277000,238.29010293135775,-23.347690811630713
210929,1788980723.048454,10.766417,106.6549407,30.12,3,11,1217298000,238.29812950035551,-23.541353320736178
211069,1788980723.685994,10.7664149,106.6549348,30.184,3,11,1217928000,237.8832699112104,-24.088029098134555
211140,1788980724.446992,10.7664164,106.6549171,29.986,3,11,1218585000,236.16718294501857,-24.998935066454308
211421,1788980725.112723,10.7664201,106.6549079,29.916,3,11,1219320000,235.0986717222561,-25.19941550262037
211501,1788980725.83247,10.7664315,106.6549017,30.095,3,11,1220010000,233.84019089348237,-24.501966077055457
211799,1788980727.432474,10.7664369,106.6549016,30.134,3,11,1221679000,233.5045790226269,-24.00312828719217
211870,1788980728.107099,10.766442,106.6548939,29.908,3,11,1222319000,232.48918493081715,-23.983662682382842
212085,1788980728.902472,10.7664618,106.6548911,30.138,3,11,1223013000,231.03515213876454,-22.299095266260764
212234,1788980730.180888,10.7663907,106.6548733,30.154,3,11,1223798000,233.6985352597449,-30.002377095035598
212463,1788980731.167192,10.7663687,106.6549081,30.053,3,11,1225086000,238.22415607403332,-29.992261263343238
212604,1788980731.907258,10.7663626,106.6549164,29.895,3,11,1226107000,239.35509865760702,-30.06957272454021
212744,1788980732.625428,10.7663689,106.6549314,29.928,3,11,1226772000,240.35173317590062,-28.589885977183854
212917,1788980733.325366,10.766376,106.6549389,29.974,3,11,1227525000,240.61127385002408,-27.48080806525374
213042,1788980734.091578,10.7663863,106.6549496,30.152,3,11,1228249000,240.97123511563308,-25.882570154028002
213338,1788980735.267758,10.7664403,106.6549809,30.117,3,11,1228985000,240.58126429577885,-18.976043774868558
213409,1788980736.008464,10.7664501,106.6549841,29.991,3,11,1230206000,240.28271641527047,-17.869934927506804
213561,1788980736.778691,10.7664692,106.6549882,30.073,3,11,1230891000,239.50463377135242,-15.841042205296674
213859,1788980738.535024,10.7664736,106.6549925,30.146,3,11,1232771000,239.6335289668964,-15.174385745096586
214002,1788980739.291193,10.7664848,106.6549883,29.807,3,11,1233472000,238.57080049957113,-14.376860935318362
214145,1788980740.00281,10.7664959,106.6549849,30.063,3,11,1234188000,237.58758197334316,-13.541175513295954
214286,1788980740.652526,10.7665039,106.6549857,30.118,3,11,1234869000,237.17744878670663,-12.745850407411424
214510,1788980741.970801,10.7665071,106.6550034,29.803,3,11,1236098000,238.60942183995155,-11.39560207796957
214657,1788980742.666826,10.7665138,106.6550128,30.046,3,11,1236851000,239.06762170812343,-10.211082742186406
214878,1788980743.895451,10.7665182,106.6550202,30.052,3,11,1238107000,239.48119363651517,-9.360331535721144
215032,1788980744.530457,10.7665216,106.6550215,29.844,3,11,1238770000,239.39504498902943,-8.965308379102794
215181,1788980745.32865,10.7665372,106.6550386,30.164,3,11,1239405000,240.02234218743217,-6.491575275177951
215382,1788980746.209902,10.7665654,106.6550562,30.131,3,11,1240193000,239.93388790358966,-2.810338033708206
215455,1788980746.924517,10.7665748,106.655051,29.887,3,11,1241114000,238.88813781599956,-2.240457402302823
215679,1788980747.572944,10.7665813,106.6550546,30.017,3,11,1241793000,238.82580665432673,-1.41906881763758
215824,1788980748.320218,10.766596,106.6550567,29.84,3,11,1242471000,238.13004058355506,0.07975386847640209
216039,1788980749.0556,10.7666133,106.6550567,30.164,3,11,1243183000,237.08425958521934,1.6969076652045487
216108,1788980749.768258,10.7666265,106.6550556,30.155,3,11,1243933000,236.18530831345015,2.8654814172652294
216642,1788980753.789021,10.7664607,106.6552475,29.894,3,11,1245750000,263.8302880341472,-1.2369627985988814
217001,1788980756.253296,10.7662809,106.6551715,29.804,3,11,1248735000,267.71998493073835,-22.557435586102642
217157,1788980757.302513,10.7662353,106.6551583,29.837,3,11,1251149000,269.2643224888074,-27.603878564862313
217370,1788980758.139994,10.7662157,106.6551634,30.191,3,11,1252238000,270.91747709708324,-29.13316413636842
217439,1788980758.764999,10.7662122,106.6551652,30.096,3,11,1253000000,271.29434745424913,-29.353440256472595
217654,1788980759.767252,10.7661861,106.6552013,29.989,3,11,1253645000,276.1871928861642,-29.649379503641697
217822,1788980760.810991,10.7662283,106.6552205,30.065,3,11,1254667000,275.39937176634044,-24.564446246420204
218035,1788980761.633023,10.7662413,106.6552007,29.822,3,11,1255700000,272.79526693128213,-24.525074931301077
218258,1788980763.20368,10.7662474,106.655196,29.908,3,11,1257417000,271.9949166838071,-24.23397602206613
218401,1788980763.912984,10.7662541,106.6551916,29.972,3,11,1258122000,271.1858459346173,-23.868975234282132
218545,1788980764.650379,10.7662669,106.6551966,29.934,3,11,1258806000,270.87124491611337,-22.375541368709477
218927,1788980767.457594,10.766473,106.6553183,30.024,3,11,1259533000,269.58840513150346,4.117291970081155
219224,1788980769.30316,10.7663895,106.6554262,30.136,3,11,1262335000,284.54454774108103,2.7196391566058935
219513,1788980770.888248,10.7663911,106.6554165,29.929,3,11,1265080000,283.5570654319091,2.2931641144205486
219601,1788980771.538254,10.7663905,106.655413,30.071,3,11,1265770000,283.2719260781916,2.0292289482362946
219745,1788980772.279002,10.7663894,106.6553976,29.907,3,11,1266420000,281.92422028071053,1.0118689496766393
219960,1788980773.24751,10.7663552,106.6553749,29.9,3,11,1267150000,281.9070340361187,-3.533096430323596
220106,1788980773.958343,10.766355,106.6553854,30.182,3,11,1268143000,282.88335163325803,-2.928245128632028
220263,1788980774.588348,10.766351,106.6553878,29.936,3,11,1268818000,283.34554559791866,-3.159628556202591
220553,1788980776.972257,10.7661976,106.6552817,29.979,3,11,1269533000,282.8752493579514,-23.79980655428406
220849,1788980778.55391,10.7661062,106.6553362,29.864,3,11,1271851000,293.40515884020056,-29.107108909875265
220996,1788980779.749081,10.7661634,106.6553381,29.924,3,11,1273497000,290.1219113589541,-23.64738663586317
221137,1788980780.465299,10.7661757,106.6553359,29.942,3,11,1274627000,289.1763505552393,-22.628266213765954
221666,1788980784.896523,10.7663894,106.6554338,30.135,3,11,1277003000,285.2485098696869,3.161620502157561
222093,1788980788.264613,10.766218,106.6556775,29.887,3,11,1279814000,317.9888646681195,1.6118683607350306
222238,1788980788.958838,10.7662246,106.6556728,29.953,3,11,1283162000,317.15828953626794,1.9497058190573284
222448,1788980789.673018,10.7662241,106.6556636,30.097,3,11,1283866000,316.34366734186096,1.3566215711885832
222521,1788980790.440972,10.7662224,106.6556513,30.181,3,11,1284605000,315.3169081384367,0.46727006005576754
222822,1788980791.531573,10.7661785,106.65563,30.155,3,11,1285357000,316.01464833609907,-4.901283608337394
222911,1788980792.294497,10.7661796,106.6556479,29.969,3,11,1286407000,317.5919321447222,-3.735460104455626
223056,1788980792.987248,10.7661797,106.6556592,29.941,3,11,1287159000,318.6235797741095,-3.055057352027518
223270,1788980793.70856,10.766173,106.65567,29.993,3,11,1287866000,320.0203702287293,-3.03999156758465
223342,1788980794.444928,10.7661576,106.6556738,29.92,3,11,1288572000,321.3002552424387,-4.253874350312202
223636,1788980795.640276,10.7661121,106.655635,30.173,3,11,1289363000,320.4876689979334,-10.811235910593808
223707,1788980796.420557,10.7661245,106.6556198,29.878,3,11,1290513000,318.34225756287697,-10.55477800542738
224003,1788980797.560695,10.7660691,106.6556147,29.84,3,11,1291318000,321.2228356077816,-16.03627478903772
224146,1788980798.703119,10.7660125,106.6555995,29.991,3,11,1292433000,323.2484582122959,-22.22973665111573
224362,1788980799.610351,10.7659937,106.6555795,29.856,3,11,1293630000,322.54828978200914,-25.174814134791603
224507,1788980800.764657,10.7659964,106.6555742,30.15,3,11,1294982000,321.89837002479044,-25.237168600373707
224726,1788980801.614987,10.7660081,106.6555524,30.133,3,11,1295661000,319.18918748130613,-25.438088316563892
225026,1788980803.308283,10.7660285,106.6555482,30.158,3,11,1297386000,317.5703211421813,-23.78057420470776
225094,1788980803.951004,10.7660322,106.6555412,29.878,3,11,1298149000,316.70383856943954,-23.850406755608162
225166,1788980804.625212,10.7660397,106.6555418,29.973,3,11,1298826000,316.3055640260329,-23.11369727918529
225452,1788980805.76297,10.765993,106.6555137,29.896,3,11,1299530000,316.5481113885669,-29.147807555575696
225752,1788980807.570614,10.7659886,106.6555174,29.947,3,11,1301787000,317.15386582546284,-29.339380800070302
225824,1788980808.294465,10.7659769,106.6555259,29.977,3,11,1302429000,318.6416933548363,-29.928286930106566
225966,1788980808.949471,10.7659746,106.6555276,30.066,3,11,1303167000,318.9368408697171,-30.042329072382188
226179,1788980809.89979,10.7659482,106.6555567,29.98,3,11,1303807000,323.20500280368867,-30.782009262818292
226323,1788980810.616358,10.7659451,106.655568,30.144,3,11,1304777000,324.4300896930004,-30.400733224416257
226537,1788980811.412105,10.7659555,106.6555879,29.897,3,11,1305473000,325.62885306045314,-28.24680190449203
226607,1788980812.084722,10.7659603,106.6555949,29.904,3,11,1306273000,325.9815125993293,-27.382414019937187
226746,1788980812.734155,10.7659676,106.6555983,30.176,3,11,1306925000,325.85245538163593,-26.49812083730575
226963,1788980813.517682,10.7659718,106.6556124,30.078,3,11,1307649000,326.893386331334,-25.26818285688327
227115,1788980814.351157,10.7659917,106.6556205,30.196,3,11,1308417000,326.43426868800225,-22.926966848735844
227411,1788980816.412904,10.7660265,106.6556358,29.891,3,11,1310325000,325.7356341607582,-18.765367184825664
227560,1788980817.219851,10.7660471,106.655643,29.906,3,11,1311281000,325.15155359536055,-16.41216407009827
227796,1788980818.854448,10.7660549,106.6556451,30.077,3,11,1313042000,324.8728909284922,-15.55833336062571
227938,1788980819.489453,10.7660572,106.6556459,29.979,3,11,1313701000,324.8073214233411,-15.295827713705847
228155,1788980820.215187,10.7660697,106.6556421,30.198,3,11,1314356000,323.7027407389516,-14.353028515585208
228226,1788980820.879037,10.7660778,106.6556393,29.896,3,11,1315061000,322.9559702418867,-13.762143146133724
228383,1788980821.564994,10.766088,106.6556413,30.171,3,11,1315729000,322.52304500901016,-12.68990594199974
228597,1788980822.247728,10.7660872,106.6556498,30.109,3,11,1316429000,323.3519700596821,-12.259911703028052
228829,1788980823.827733,10.7660884,106.6556533,29.849,3,11,1318036000,323.60083955088567,-11.939890278849305
229136,1788980825.669242,10.766091,106.6556618,29.815,3,11,1319846000,324.2242353879684,-11.192073906349378
229278,1788980826.358182,10.7660994,106.6556695,29.943,3,11,1320512000,324.4235576024686,-9.949598687128969
229419,1788980826.998188,10.766101,106.6556727,29.943,3,11,1321205000,324.62069782522127,-9.6100020440025
229641,1788980828.80609,10.7661214,106.6556928,30.06,3,11,1322800000,325.2333297469327,-6.509422662953568
229869,1788980829.537407,10.7661368,106.6556964,29.878,3,11,1323647000,324.6329956438501,-4.8560879052975565
230114,1788980831.291842,10.766153,106.6557108,29.881,3,11,1325348000,324.9760787302748,-2.486609127718907
230245,1788980832.039269,10.7661641,106.655714,29.888,3,11,1326187000,324.5989461518211,-1.258980052085377
230397,1788980832.802204,10.7661763,106.6557153,30.15,3,11,1326944000,323.98083953856025,-0.04135843323729205
230613,1788980833.695609,10.7662059,106.6557012,29.85,3,11,1327646000,320.8967064070646,1.8882295014560668
230756,1788980834.436162,10.7662169,106.655689,30.065,3,11,1328539000,319.11141826107155,2.191975675860675
237090,1788980891.616173,10.7694048,106.6503872,30.044,3,11,1329284000,-360.46707737222425,-14.661907723331637
237162,1788980892.35108,10.7693907,106.6503871,29.917,3,11,1386474000,-359.6239187535728,-15.985873346047953
237459,1788980894.181598,10.7693764,106.6503897,29.849,3,11,1388298000,-358.52072593038025,-17.16819380324776
237749,1788980894.866604,10.7693725,106.6503867,29.891,3,11,1389068000,-358.560465445395,-17.710910692280294
237829,1788980895.593646,10.7693617,106.6503792,30.09,3,11,1389723000,-358.59634197401977,-19.165853866313938
238120,1788980897.045207,10.7692828,106.650327,29.869,3,11,1390425000,-358.6204440794472,-29.641114889459658
238344,1788980898.613758,10.769279,106.6503193,30.001,3,11,1392786000,-359.09783522995457,-30.453595457475075
238489,1788980899.294063,10.7692862,106.6503119,29.873,3,11,1393449000,-360.2126244751966,-30.220012326176857
238563,1788980900.033099,10.7692895,106.6503045,29.975,3,11,1394209000,-361.0916596224729,-30.350989877494214
238777,1788980900.77146,10.7692996,106.6503079,30.06,3,11,1394923000,-361.3899761925463,-29.204960820172914
238921,1788980901.715642,10.7693352,106.6503204,30.015,3,11,1395616000,-362.3940979067127,-25.13485860363292
239134,1788980902.669022,10.7693635,106.6503402,29.911,3,11,1396600000,-362.2865685186718,-21.313625767990317
239279,1788980903.520256,10.7693866,106.6503536,29.822,3,11,1397523000,-362.45242004014966,-18.358540415461903
239353,1788980904.328717,10.7693968,106.6503676,30.109,3,11,1398419000,-361.7833708237137,-16.573678387347712
239640,1788980905.047814,10.7694025,106.6503685,30.164,3,11,1399242000,-362.0452864211745,-15.987412066373565
239954,1788980907.745988,10.7694064,106.6503792,30.028,3,11,1401891000,-361.29844663451894,-14.987427582190122
240463,1788980911.421193,10.769271,106.6506888,30.026,3,11,1402584000,-324.6826071575971,-9.258506200768522
240535,1788980912.165734,10.7692685,106.6506737,30.115,3,11,1406274000,-325.9181339180889,-10.388918516118537
240818,1788980913.014494,10.7692602,106.6506517,29.868,3,11,1407048000,-327.4366873287291,-12.47125727451592
240891,1788980913.915118,10.7692824,106.6506665,29.949,3,11,1407916000,-327.4195703724228,-9.517161747306716
241331,1788980916.482907,10.7691069,106.6505429,29.814,3,11,1408751000,-328.1609727964051,-33.26242814786487
241477,1788980917.380611,10.7690933,106.6505637,29.871,3,11,1411398000,-325.4287668962459,-33.29850031996469
241765,1788980919.284318,10.7692176,106.6506235,29.82,3,11,1412255000,-327.45116713899785,-18.128049989480814
241836,1788980919.985734,10.7692256,106.650631,30.135,3,11,1414128000,-327.2460312567952,-16.934842689127066
242051,1788980920.742247,10.7692361,106.6506465,29.944,3,11,1414814000,-326.457370165126,-15.032859428807171
242194,1788980921.516279,10.7692403,106.6506595,29.965,3,11,1415635000,-325.5174535390797,-13.868245390256646
242262,1788980922.137774,10.7692379,106.6506645,30.165,3,11,1416329000,-324.9132180734795,-13.795663415477804
242553,1788980922.870725,10.7692285,106.6506733,29.809,3,11,1416995000,-323.536875652508,-14.151756600367008
242645,1788980924.461292,10.7692223,106.6506788,30.168,3,11,1418627000,-322.6570154638284,-14.404694897523768
242936,1788980925.239759,10.7692018,106.6506828,29.843,3,11,1419287000,-321.05047038880315,-16.08343379983728
243078,1788980926.372209,10.7692481,106.6507045,30.121,3,11,1420140000,-321.8565575493302,-10.46678093484391
243299,1788980928.175245,10.7692575,106.6507107,30.17,3,11,1422312000,-321.85543190931367,-9.21990672040144
243443,1788980928.85164,10.7692657,106.6507052,29.8,3,11,1423000000,-322.8561916352851,-8.780014227227383
243674,1788980930.010443,10.76927,106.65069,29.987,3,11,1424106000,-324.51195994402,-9.28072081637913
243969,1788980931.83486,10.7691604,106.6507701,30.073,3,11,1424824000,-310.53098584468205,-14.769040064673135
244116,1788980932.532384,10.7691544,106.6507767,30.059,3,11,1426688000,-309.5622012860155,-14.937959000455834
244255,1788980933.26133,10.7691444,106.6507807,29.959,3,11,1427400000,-308.59037878225496,-15.635188372931623
244470,1788980933.99069,10.7691322,106.6507765,30.185,3,11,1428108000,-308.2385826608025,-17.02502765750458
244545,1788980934.817999,10.7691091,106.6507641,30.155,3,11,1428812000,-307.9808999354328,-19.920727608175355
244843,1788980936.12097,10.7690421,106.6507314,29.842,3,11,1429669000,-306.9336458085087,-28.12559582538151
244925,1788980936.854721,10.7690375,106.6507192,30.04,3,11,1430971000,-307.77591756285335,-29.280092381107025
245081,1788980937.494726,10.7690384,106.6507164,30.055,3,11,1431679000,-308.087449726608,-29.36224211872613
245284,1788980938.281629,10.7690372,106.650703,30.027,3,11,1432394000,-309.245448139473,-30.270179023321433
245429,1788980939.617664,10.7690735,106.6507033,29.885,3,11,1433515000,-311.4122253807275,-26.859144741868604
245641,1788980940.295284,10.7690805,106.650709,29.871,3,11,1434446000,-311.31193589782094,-25.866308263708518
245860,1788980942.123274,10.7691385,106.650735,30.179,3,11,1435768000,-312.4304111755566,-18.90061612338127
246000,1788980942.851446,10.7691497,106.6507433,30.077,3,11,1436955000,-312.3452495902112,-17.360773788016132
246144,1788980943.556687,10.7691593,106.6507504,30.049,3,11,1437678000,-312.2735658199422,-16.041757291895976
246285,1788980944.300564,10.7691558,106.6507607,30.105,3,11,1438433000,-311.11613022708536,-15.757257494521923
246430,1788980945.027937,10.7691659,106.6507718,29.812,3,11,1439121000,-310.70734652562555,-14.153960841883702
247017,1788980949.01187,10.7688149,106.6508764,30.053,3,11,1439853000,-279.8839337636761,-40.752709217474134
247238,1788980950.499936,10.7687899,106.6508567,29.914,3,11,1444436000,-280.18176426719424,-44.25952908881344
247449,1788980952.192685,10.7687343,106.6509638,29.878,3,11,1445319000,-266.98563516690194,-43.0966791872891
247672,1788980953.099187,10.768764,106.6509772,29.818,3,11,1447026000,-267.5504551616787,-39.52464498753841
247957,1788980954.775624,10.768816,106.650877,29.855,3,11,1447972000,-279.8953297873412,-40.614253168937395
248543,1788980959.662293,10.7688567,106.651345,30.025,3,11,1449613000,-239.37863184213768,-9.017367136722825
248686,1788980960.399555,10.7688519,106.6513361,29.97,3,11,1454534000,-239.90577067012796,-9.994587286154854
248866,1788980961.03956,10.7688517,106.6513325,30.079,3,11,1455216000,-240.22427305125692,-10.227070152851013
248976,1788980961.853448,10.768847,106.65131,29.82,3,11,1455871000,-242.00636123109695,-12.002584059146955
249127,1788980962.588732,10.7688623,106.6513183,29.891,3,11,1456654000,-242.16904369748943,-10.079485621498108
249440,1788980964.334355,10.7688786,106.6512977,29.844,3,11,1458319000,-245.0460977320497,-9.779148204085246
249870,1788980966.948532,10.7686903,106.6511962,29.908,3,11,1459199000,-242.98427350594807,-33.408504076156504
250116,1788980968.88378,10.7686757,106.651216,30.172,3,11,1462883000,-240.28344904103494,-33.59743874812264
250478,1788980971.547177,10.7688162,106.6513039,29.939,3,11,1464243000,-240.70467869997495,-15.2439296317431
250783,1788980973.386758,10.7688167,106.6513132,29.891,3,11,1467526000,-239.88087338580826,-14.644906843860127
250854,1788980974.072404,10.7688173,106.6513193,30.182,3,11,1468240000,-239.35697290249385,-14.226569633183445
251161,1788980974.851279,10.7688129,106.6513316,30.032,3,11,1468955000,-237.9614701087349,-13.907428419507639
251231,1788980975.504196,10.7688051,106.6513308,29.829,3,11,1469653000,-237.56342687706817,-14.684058106733971
251377,1788980976.298468,10.7687868,106.6513371,30.077,3,11,1470340000,-235.8786595232189,-16.020560968248205
251666,1788980977.934403,10.7688395,106.6513612,30.032,3,11,1471619000,-236.85123031471517,-9.663129711748624
251893,1788980978.767681,10.7688503,106.6513456,29.816,3,11,1472814000,-238.93665460069042,-9.579989323665913
252257,1788980982.045135,10.7687061,106.651596,29.95,3,11,1473622000,-207.22526444290037,-8.18928220406768
252475,1788980982.70514,10.7687058,106.6515906,30.013,3,11,1476874000,-207.7030180138339,-8.538006503856025
252617,1788980983.408918,10.7686972,106.6515803,30.04,3,11,1477504000,-208.12901140557113,-9.953579187914869
252686,1788980984.07098,10.768697,106.6515724,29.828,3,11,1478217000,-208.84238796437174,-10.441419283440297
252824,1788980984.729397,10.7686919,106.6515648,30.114,3,11,1478864000,-209.23201129576148,-11.369481539035348
253038,1788980985.524757,10.7687091,106.6515729,29.975,3,11,1479567000,-209.52791456365273,-9.280653695660618
253109,1788980986.373199,10.7687228,106.6515533,29.854,3,11,1480372000,-212.155967995713,-9.163971331411744
253565,1788980989.360571,10.7685366,106.6514483,30.124,3,11,1481605000,-210.5424974987694,-32.80487420489452
253701,1788980990.219259,10.7685243,106.6514675,29.835,3,11,1484227000,-208.035806224978,-32.814442792879134
253986,1788980992.098437,10.7686484,106.6515361,29.859,3,11,1485005000,-209.23800191616272,-17.14009634318667
254209,1788980992.883982,10.768663,106.6515501,30.085,3,11,1486914000,-208.8349316819619,-14.943935083535663
254353,1788980993.597821,10.7686736,106.6515593,29.83,3,11,1487684000,-208.6308521513828,-13.40673214499941
254427,1788980994.369557,10.7686689,106.65157,29.858,3,11,1488477000,-207.36414435402932,-13.210650704221464
254645,1788980995.009563,10.7686667,106.6515733,29.808,3,11,1489173000,-206.92811189038338,-13.220328493945232
254790,1788980995.707036,10.7686567,106.6515734,30.066,3,11,1489828000,-206.31443108221572,-14.149160934169615
254859,1788980996.351732,10.7686497,106.6515763,29.993,3,11,1490495000,-205.6249722095642,-14.631282955003243
255225,1788980998.968426,10.7685032,106.651501,30.187,3,11,1491659000,-203.68397076740877,-32.79739859500937
255452,1788980999.831388,10.7684926,106.6515217,29.844,3,11,1493830000,-201.14229729326914,-32.55897801259941
255737,1788981001.90616,10.7686353,106.6515994,30.184,3,11,1494617000,-202.63319472584104,-14.605550381339611
256030,1788981003.822827,10.7686586,106.6516052,29.961,3,11,1497811000,-203.5090533514522,-12.08309866376787
256101,1788981004.520784,10.7686691,106.6516114,30.03,3,11,1498617000,-203.57442245832632,-10.733399642243583
256311,1788981005.225789,10.7686712,106.6516125,29.911,3,11,1499384000,-203.60035264749374,-10.471773793759425
256463,1788981006.095437,10.7686955,106.6516076,29.973,3,11,1500074000,-205.5192549262647,-8.491268779913042
256678,1788981006.828872,10.7687058,106.6515981,29.899,3,11,1500908000,-207.01428398333996,-8.092615989079363
256907,1788981008.615492,10.7686374,106.6517109,29.903,3,11,1501616000,-192.52095998002972,-7.787776151393686
257114,1788981009.310572,10.7686404,106.6517015,30.042,3,11,1503427000,-193.56552260459256,-8.065567635679557
257183,1788981010.109623,10.768653,106.6516805,30.14,3,11,1504092000,-196.25564497703783,-8.13484964229474
257398,1788981011.080139,10.7686199,106.6516586,29.823,3,11,1504921000,-196.26586100295034,-12.529481892374022
257695,1788981013.007929,10.7686012,106.6516748,29.915,3,11,1506986000,-193.64778482261275,-13.31546011432971
257840,1788981013.703426,10.7685965,106.6516794,30.15,3,11,1507848000,-192.94124736967524,-13.481629625556124
258136,1788981015.555678,10.7684822,106.6516168,30.055,3,11,1508558000,-191.78047218705763,-27.883588102010123
258278,1788981016.310669,10.7684651,106.6516151,30.043,3,11,1510355000,-190.90289418937124,-29.58300166239701
258430,1788981017.018184,10.7684524,106.6516139,30.043,3,11,1511104000,-190.24537957186655,-30.84142329048423
258575,1788981017.703387,10.768444,106.6516159,29.96,3,11,1511826000,-189.553939107157,-31.50786011050623
258704,1788981018.484369,10.7684283,106.6516221,30.099,3,11,1512531000,-188.03552427298058,-32.60726105785695
258917,1788981019.394928,10.7684112,106.6516514,30.075,3,11,1513286000,-184.31117894670902,-32.46572715575775
259073,1788981020.41132,10.7684456,106.6516744,29.889,3,11,1514231000,-184.27853329498282,-27.884250735700846
259356,1788981022.384914,10.768463,106.6516515,30.093,3,11,1516322000,-187.43329384512396,-27.617674935310106
259652,1788981024.187113,10.7685813,106.6517069,29.93,3,11,1517180000,-189.49705277332475,-13.269382961887587
259865,1788981025.138042,10.7685594,106.6517363,30.084,3,11,1519002000,-185.4733654375141,-13.570600590647274
260006,1788981026.161552,10.768601,106.6517605,29.963,3,11,1519917000,-185.76576067547194,-8.244826581965683
260218,1788981027.100935,10.7686195,106.651729,30.04,3,11,1520965000,-189.77676432534432,-8.3861404302978
260358,1788981028.250521,10.7686794,106.6517369,30.123,3,11,1521889000,-192.67223895737507,-2.3177175795228777
260890,1788981032.224747,10.768324,106.6516643,29.832,3,11,1523063000,-177.85533658484977,-39.85085842300822
261170,1788981034.070357,10.7682993,106.6516438,29.914,3,11,1527972000,-178.24476698193226,-43.37714348607966
261475,1788981035.859562,10.7682292,106.6517466,29.998,3,11,1528917000,-164.56699041335605,-43.825068735422896
261691,1788981036.759137,10.7682573,106.651763,30.072,3,11,1530656000,-164.7595971652974,-40.224441686102246
262046,1788981040.065543,10.7684436,106.6519955,30.147,3,11,1531530000,-154.67063411404342,-9.002552347611896
262352,1788981041.69297,10.7684408,106.6519881,29.928,3,11,1535816000,-155.18092567239742,-9.703740197064128
262585,1788981043.30883,10.7684449,106.6519828,30.168,3,11,1537443000,-155.91547510569882,-9.635226725467405
262880,1788981044.048819,10.7684333,106.6519691,29.956,3,11,1538078000,-156.47234528503805,-11.533141070537965
263167,1788981046.555697,10.7682749,106.651845,29.836,3,11,1538897000,-158.2933543568348,-33.709641795808885
263528,1788981049.385499,10.7683863,106.6519379,30.192,3,11,1542243000,-156.49633972605238,-17.779389223456732
263674,1788981050.15025,10.7683944,106.6519468,29.91,3,11,1544232000,-156.16868513471155,-16.493694650413573
263814,1788981050.838158,10.7684036,106.6519549,29.968,3,11,1544916000,-155.9809902530064,-15.152683591772067
264039,1788981052.45856,10.7684053,106.6519696,29.874,3,11,1546513000,-154.73383615971963,-14.1208071158432
264255,1788981053.135407,10.7684061,106.6519792,30.012,3,11,1547238000,-153.90061641525085,-13.47592557815252
264325,1788981053.810421,10.7684015,106.6519859,29.874,3,11,1547924000,-153.0072784116022,-13.508038035898217
264467,1788981054.475036,10.7683923,106.6519863,29.825,3,11,1548579000,-152.41440805761647,-14.344273177061481
264694,1788981055.256829,10.7683812,106.6519953,30.078,3,11,1549313000,-150.91693478881103,-14.847400348174453
264841,1788981056.310058,10.7684181,106.6520209,30.136,3,11,1550084000,-150.7966524278513,-9.877829137676592
265063,1788981057.052893,10.7684337,106.6520155,29.927,3,11,1551087000,-152.23555732093047,-8.74026757808167
265282,1788981058.391925,10.7684469,106.6520004,29.835,3,11,1552394000,-154.42014544990315,-8.403089453550535
266015,1788981064.91851,10.7678763,106.6522981,29.941,3,11,1553163000,-92.58935796794925,-44.06208744023374
266302,1788981066.630388,10.7678221,106.6524009,30.155,3,11,1559754000,-79.87273272032104,-43.02372682918377
266522,1788981067.523339,10.7678475,106.65242,30.072,3,11,1561415000,-79.6541808460529,-39.51514735945127
266865,1788981071.221346,10.7680976,106.6526499,29.939,3,11,1562282000,-73.66067416827003,-2.483821208764109
267168,1788981073.391713,10.7680622,106.6526228,30.043,3,11,1567165000,-74.00937798798265,-7.402254875118597
267463,1788981074.111719,10.768061,106.6526199,30.089,3,11,1568245000,-74.20314875737307,-7.686645058520252
267533,1788981074.952394,10.7680699,106.6525934,29.966,3,11,1568880000,-77.17467860844229,-8.428412038978049
267829,1788981076.645856,10.768037,106.6525748,29.895,3,11,1570480000,-76.89394161554478,-12.608377043427556
268132,1788981078.444011,10.7680139,106.6525976,29.804,3,11,1572328000,-73.40380050378545,-13.413710842631165
268418,1788981080.521645,10.7678645,106.6525361,29.82,3,11,1573211000,-70.02022411505575,-31.031391519078984
268491,1788981081.211426,10.7678567,106.6525397,29.855,3,11,1575313000,-69.21812358443782,-31.54672543694997
268801,1788981083.418976,10.7678721,106.6525869,30.111,3,11,1577147000,-65.81461718791722,-27.304187151884598
269096,1788981084.285014,10.7678866,106.6525697,30.14,3,11,1578259000,-68.27063554509616,-26.970198144333146
269395,1788981086.116004,10.7678973,106.6525612,29.917,3,11,1580170000,-69.69801330571643,-26.474769112471545
269683,1788981087.892774,10.7680044,106.6526221,30.094,3,11,1580935000,-70.57966320070334,-12.84680092540502
269754,1788981088.871036,10.7679933,106.6526569,29.922,3,11,1582716000,-66.7129448652238,-11.817784724538598
270044,1788981090.318066,10.7680234,106.6526777,30.01,3,11,1584159000,-66.62239385691802,-7.768907710523198
270115,1788981091.285067,10.7680428,106.6526465,29.816,3,11,1585126000,-70.66025293769732,-7.808276550209218
270405,1788981092.458855,10.7681047,106.6526497,29.994,3,11,1586062000,-74.10823376698491,-1.832010892994866
270917,1788981097.143328,10.7678203,106.652986,29.863,3,11,1587280000,-26.033485604366877,-8.445586891330539
271057,1788981097.851031,10.7678089,106.6529802,30.194,3,11,1591909000,-25.876979224905508,-9.855661140875668
271278,1788981098.744856,10.7677833,106.6529674,29.815,3,11,1592656000,-25.504904559838803,-13.008807997897694
271348,1788981099.52635,10.7677684,106.6529643,29.898,3,11,1593559000,-24.888879739186837,-14.585711505537517
271633,1788981100.369922,10.767748,106.6529598,29.912,3,11,1594350000,-24.068944875379827,-16.759878614734323
271704,1788981101.090035,10.7677369,106.652953,29.942,3,11,1595143000,-24.022404631719816,-18.201295137561875
271914,1788981101.939419,10.7677087,106.6529438,29.849,3,11,1595838000,-23.1625682320537,-21.383695001401556
272071,1788981102.767222,10.7676909,106.6529402,29.814,3,11,1596772000,-22.41715468413509,-23.2613747944111
272140,1788981103.466163,10.7676787,106.6529362,29.846,3,11,1597519000,-22.046992322948256,-24.63933699928769
272430,1788981104.264719,10.7676633,106.652935,29.962,3,11,1598292000,-21.226263330110513,-26.150146791981612
272674,1788981105.720488,10.767653,106.6529313,30.049,3,11,1599790000,-20.94340616717146,-27.332686889359557
272807,1788981106.428957,10.7676417,106.6529264,29.933,3,11,1600485000,-20.71029668193016,-28.679966567822007
272956,1788981107.161178,10.7676332,106.6529203,30.193,3,11,1601233000,-20.75664399258793,-29.83677285331479
273169,1788981107.905085,10.7676161,106.6529221,29.829,3,11,1601915000,-19.557656781172618,-31.328337507365774
273241,1788981108.657516,10.7676034,106.6529134,30.184,3,11,1602683000,-19.588876194269304,-33.032149650063616
273387,1788981109.450672,10.7675862,106.6528995,29.986,3,11,1603415000,-19.82559390999488,-35.465412824888105
273607,1788981111.082788,10.767581,106.6528866,30.176,3,11,1605123000,-20.695877646115754,-36.71756542092116
273901,1788981111.720851,10.7675812,106.6528796,30.107,3,11,1605825000,-21.35078602843592,-37.11456781510081
273981,1788981112.477286,10.7675852,106.6528629,29.842,3,11,1606488000,-23.126166212296837,-37.73239563662435
274119,1788981113.400519,10.7675537,106.6528421,29.87,3,11,1607219000,-23.132087544519898,-41.91214058781861
274338,1788981114.339339,10.7675365,106.6528673,29.831,3,11,1608227000,-19.778205179460617,-42.02343454443729
274478,1788981115.103257,10.7675469,106.6528852,29.95,3,11,1609080000,-18.7631042196842,-39.988274028394514
274622,1788981115.803262,10.7675437,106.6528872,29.921,3,11,1609918000,-18.386002552083408,-40.16862993853919
274765,1788981116.598119,10.7675597,106.6529035,30.182,3,11,1610553000,-17.856350224077385,-37.705014316595424
274845,1788981117.238124,10.7675615,106.6529084,29.901,3,11,1611352000,-17.515186906807223,-37.245767069796074
275120,1788981118.005922,10.767577,106.6529168,29.881,3,11,1612007000,-17.6807762069973,-35.29803467279694
275190,1788981118.97619,10.7676078,106.6529434,29.909,3,11,1612764000,-17.099919053223452,-30.839288358576276
275418,1788981119.852648,10.7676268,106.6529582,29.984,3,11,1613794000,-16.889362837100172,-28.184319545227133
275591,1788981121.693283,10.7676384,106.6529691,29.8,3,11,1615710000,-16.58962002828978,-26.45268432535539
275857,1788981122.510976,10.7676547,106.6529847,29.995,3,11,1616465000,-16.142384473873555,-24.0025953554616
275932,1788981123.339226,10.7676694,106.6529936,29.809,3,11,1617342000,-16.21369835724397,-22.099951935874095
276383,1788981126.248264,10.7676912,106.6530096,30.192,3,11,1620160000,-16.062204048462277,-19.11198476560316
276524,1788981126.966103,10.7676993,106.6530229,29.818,3,11,1620984000,-15.330492160780231,-17.5649944248925
276737,1788981127.839263,10.76772,106.6530356,29.935,3,11,1621776000,-15.415546080407456,-14.875823889186766
276818,1788981128.536218,10.7677319,106.6530398,29.927,3,11,1622579000,-15.749207269843046,-13.514027733355098
277184,1788981130.349116,10.7677539,106.6530659,29.954,3,11,1624195000,-14.682307753545036,-9.907572583136957
277256,1788981131.227275,10.7677792,106.6530475,29.8,3,11,1625097000,-17.901381057417,-8.63529339889261
277399,1788981131.954615,10.767767,106.6530424,30.08,3,11,1625990000,-17.63223301998921,-10.078579545475096
277611,1788981132.809943,10.7677455,106.6530216,30.123,3,11,1626692000,-18.24265203910035,-13.323553515918922
277682,1788981133.728467,10.767718,106.6530015,30.092,3,11,1627572000,-18.426090603028904,-17.08782029344347
277969,1788981134.469442,10.7677069,106.6529885,30.057,3,11,1628470000,-18.948903823759444,-18.89742630795753
278039,1788981135.340187,10.7676841,106.65297,30.1,3,11,1629225000,-19.26952637482256,-22.1273340818913
278251,1788981136.110574,10.7676726,106.6529584,29.918,3,11,1630115000,-19.639596002038246,-23.891191372803302
278392,1788981136.86192,10.7676795,106.6529663,30.025,3,11,1630920000,-19.331232893476287,-22.777054720138544
278536,1788981138.084187,10.7677454,106.6529863,29.967,3,11,1631601000,-21.478248568524748,-15.429205916985314
278750,1788981138.89243,10.7677635,106.6529877,29.803,3,11,1632878000,-22.44382569576357,-13.654130878978341
278896,1788981139.750322,10.7677893,106.6529984,30.191,3,11,1633646000,-23.02083584355831,-10.606997946695685
279122,1788981140.696681,10.767818,106.6529867,29.911,3,11,1634563000,-25.830169293377985,-8.619014435463857
279486,1788981144.26314,10.7674968,106.6529787,30.196,3,11,1635439000,-7.148353222229865,-39.11894155402255
279786,1788981145.138555,10.7674723,106.6529626,29.926,3,11,1639020000,-7.145816276635916,-42.36523542992438
280000,1788981146.753493,10.7674161,106.6530589,29.84,3,11,1639885000,5.094805681789287,-41.89983412797667
280373,1788981149.360951,10.7675032,106.6529764,30.105,3,11,1642409000,-7.746443511859292,-38.657274551250254
280885,1788981153.103392,10.7676476,106.6532833,29.916,3,11,1644156000,11.707606434555313,-6.933801712672771
280958,1788981153.834125,10.7676394,106.653273,30.009,3,11,1647863000,11.257433135381227,-8.31198355756139
281029,1788981154.695054,10.767624,106.6532531,30.082,3,11,1648613000,10.360918611372506,-10.933300367860829
281472,1788981157.188612,10.7675358,106.653192,29.849,3,11,1650348000,10.081701638327125,-22.80642848088255
281613,1788981158.021894,10.7675117,106.6531827,30.03,3,11,1651931000,10.6845108651905,-25.61151078329671
281756,1788981158.715655,10.7675001,106.6531842,30.0,3,11,1652754000,11.523474987878593,-26.606767018273658
281990,1788981159.747418,10.7674557,106.6531831,29.991,3,11,1653482000,14.106430394014271,-30.822474114684205
282060,1788981160.433028,10.7674485,106.6531922,30.195,3,11,1654473000,15.377332686026097,-30.955102062489505
282342,1788981161.330178,10.7674296,106.6532179,29.836,3,11,1655183000,18.879895259825908,-31.195614384943447
282432,1788981162.027177,10.7674354,106.6532293,30.122,3,11,1656055000,19.576162328899997,-29.97645363285855
282662,1788981163.110171,10.7674807,106.6532557,30.126,3,11,1656771000,19.262131595678976,-24.17416647713989
282803,1788981163.894523,10.7674738,106.653239,30.133,3,11,1657873000,18.145653890519615,-25.810894667671434
282870,1788981164.540116,10.7674705,106.6532309,30.188,3,11,1658602000,17.60130537355697,-26.600390847680167
283163,1788981165.320833,10.7674808,106.6532212,30.199,3,11,1659332000,16.087910076747324,-26.21361513654289
283232,1788981165.96016,10.7674863,106.6532168,29.968,3,11,1660037000,15.351379049975469,-25.96078686643569
283388,1788981166.670201,10.7674906,106.6532111,30.083,3,11,1660746000,14.568007180823171,-25.897332136251478
283585,1788981167.358525,10.7675022,106.6532073,29.819,3,11,1661386000,13.517831289552174,-25.038662325544493
283902,1788981169.201718,10.7675092,106.6532155,29.846,3,11,1663244000,13.847698782188324,-23.897362342740156
284193,1788981170.857992,10.7675266,106.6532151,29.936,3,11,1664837000,12.75914032483413,-22.294614997175554
284270,1788981172.067787,10.7675368,106.6532186,30.138,3,11,1666108000,12.463961899100452,-21.133299689411114
284554,1788981173.008971,10.7675693,106.6532394,29.926,3,11,1666792000,12.409433462570275,-16.860077640042174
284627,1788981173.899218,10.7675923,106.6532586,30.104,3,11,1667763000,12.782247901541574,-13.569904665815002
284766,1788981174.593138,10.7675985,106.6532706,29.822,3,11,1668608000,13.509433784991918,-12.277721833782817
284981,1788981175.248144,10.7675968,106.6532725,29.904,3,11,1669336000,13.786677679703054,-12.32380063667973
285053,1788981175.960796,10.7676029,106.6532845,30.014,3,11,1669976000,14.51990853998577,-11.04096551439859
285196,1788981176.633267,10.7676047,106.6532911,29.904,3,11,1670708000,15.0171849041331,-10.480763084272366
285407,1788981177.325525,10.7675942,106.6532962,29.982,3,11,1671355000,16.120246616029295,-11.159407064129539
285477,1788981177.992572,10.7675904,106.6533031,30.104,3,11,1672057000,16.98359104573621,-11.104860762828395
285688,1788981178.693735,10.7675824,106.6533046,30.147,3,11,1672754000,17.60493600106299,-11.763599444608992
285852,1788981179.393152,10.767573,106.6533069,29.865,3,11,1673440000,18.384375596737357,-12.50569774157321
285925,1788981180.038158,10.7675683,106.6533069,29.847,3,11,1674124000,18.6684895095769,-12.945040102529239
286225,1788981181.11497,10.7676139,106.6533274,30.004,3,11,1674789000,17.794519740962393,-7.465083689533284
286297,1788981181.867855,10.7676243,106.6533236,29.887,3,11,1675900000,16.81688357080437,-6.718586397346987
286450,1788981182.50286,10.7676257,106.6533216,30.197,3,11,1676587000,16.548591486830546,-6.706489263717467
286650,1788981183.189509,10.7676357,106.6533185,30.134,3,11,1677227000,15.659417067094694,-5.955813029232236
287172,1788981188.031746,10.767383,106.6537097,29.892,3,11,1677903000,66.85944066807681,-6.345906448466046
287471,1788981188.921753,10.7673696,106.6536827,30.148,3,11,1682780000,65.19002505825378,-9.201905416278187
287785,1788981191.731169,10.7673904,106.6536881,29.939,3,11,1685665000,64.42855837103457,-6.936900605901645
288072,1788981194.303338,10.7672042,106.6535809,30.002,3,11,1686454000,65.84000021904771,-30.70845136347409
288363,1788981196.148261,10.7673236,106.6536425,30.061,3,11,1689041000,64.27910001226182,-15.889145088751512
288659,1788981196.937007,10.7673372,106.6536564,29.898,3,11,1690890000,64.73343689524134,-13.792399466957328
288730,1788981197.799319,10.7673446,106.6536859,29.984,3,11,1691653000,66.9951291282963,-11.348799582206919
289019,1788981199.248367,10.7673384,106.6537022,29.878,3,11,1693220000,68.86676632124968,-10.960375537615477
289320,1788981200.808372,10.7673342,106.6537036,30.179,3,11,1694889000,69.24921903568323,-11.269839786545827
289387,1788981201.535133,10.7673175,106.6537064,30.081,3,11,1695509000,70.51585754475116,-12.664628198558901
289538,1788981202.636739,10.7673589,106.6537346,30.033,3,11,1696305000,70.60287707754529,-7.120008001436808
289764,1788981203.531294,10.7673823,106.6537119,29.834,3,11,1697361000,67.10378415635365,-6.280692532121886
290065,1788981205.197863,10.7673262,106.6538097,29.94,3,11,1698295000,79.47610794247927,-5.716865418480495
290369,1788981207.033919,10.7673262,106.6538008,30.106,3,11,1701081000,78.6588102260147,-6.245395496195478
290444,1788981207.732046,10.7673226,106.6537913,30.062,3,11,1701767000,78.00403295368594,-7.146074368561749
290682,1788981208.469268,10.7673136,106.6537815,29.897,3,11,1702475000,77.64813507143889,-8.569345191028049
290808,1788981209.094273,10.7673099,106.6537799,29.841,3,11,1703172000,77.72486928982022,-9.010227096444147
290879,1788981209.765649,10.7673118,106.6537723,30.073,3,11,1703822000,76.91209757769472,-9.283949665646709
291164,1788981210.501365,10.7672983,106.653764,30.185,3,11,1704483000,76.96597046035289,-11.038789326614346
291243,1788981211.200784,10.767292,106.6537559,30.048,3,11,1705233000,76.60297124954258,-12.10871680098105
291455,1788981211.962852,10.7672755,106.6537472,30.193,3,11,1705917000,76.80146095747193,-14.167741916377334
291598,1788981213.198944,10.7672163,106.6537118,30.018,3,11,1706689000,77.12926263791007,-21.803829353869087
291817,1788981214.090741,10.7671882,106.6537014,29.993,3,11,1707940000,77.8728566158126,-25.048143990355744
291965,1788981214.812711,10.767175,106.6537049,30.141,3,11,1708811000,78.99220277613925,-26.074192778464308
292200,1788981216.573358,10.7671682,106.6537028,30.068,3,11,1710632000,79.21041567555935,-26.83454638891828
292342,1788981217.314674,10.767152,106.6537006,30.085,3,11,1711287000,79.98767327828872,-28.479523262986394
292556,1788981218.060943,10.7671366,106.653704,29.835,3,11,1712038000,81.23082581111703,-29.71716020578464
292702,1788981218.761417,10.7671322,106.6537082,30.16,3,11,1712829000,81.8824958499589,-29.879040749350366
292775,1788981219.546146,10.7671245,106.6537194,30.116,3,11,1713544000,83.37646855541064,-29.93369790200154
293070,1788981220.956151,10.7671241,106.6537235,30.006,3,11,1715028000,83.77715639958714,-29.727608593048867
293283,1788981221.66308,10.7671309,106.6537356,29.855,3,11,1715658000,84.4772555430007,-28.373400961486173
293446,1788981223.265364,10.7671334,106.6537454,29.968,3,11,1717294000,85.22607692171422,-27.55773127649106
293663,1788981223.919824,10.767137,106.6537501,29.997,3,11,1717986000,85.44006441301306,-26.94210233456079
293806,1788981225.048231,10.7670928,106.653723,29.907,3,11,1718690000,85.62331855766317,-32.6831344638229
294026,1788981225.845411,10.7670831,106.6537069,29.973,3,11,1719793000,84.73119892789475,-34.54596728725726
294168,1788981226.485275,10.7670859,106.6537003,29.872,3,11,1720540000,83.95585362784763,-34.676175066344555
294239,1788981227.213749,10.767092,106.6536876,30.077,3,11,1721204000,82.42085374652032,-34.860159373492976
294454,1788981227.969885,10.7671071,106.6536759,29.844,3,11,1721912000,80.43363715084266,-34.14346439604189
294602,1788981228.68989,10.7671113,106.653679,29.937,3,11,1722758000,80.4644248552275,-33.566765837907994
294686,1788981229.372093,10.7671205,106.6536769,29.963,3,11,1723403000,79.71544145425726,-32.83148587990554
294968,1788981231.02335,10.7670656,106.6536522,29.949,3,11,1724585000,80.76590301380665,-39.43019799387754
295191,1788981231.788963,10.7670519,106.6536647,29.968,3,11,1725736000,82.7419548961467,-39.96851671266634
295322,1788981232.568445,10.7670425,106.6536832,30.034,3,11,1726496000,85.00905999904526,-39.748571496835325
295539,1788981233.416582,10.7670413,106.6537027,29.991,3,11,1727355000,86.87230820126956,-38.70272867575525
295683,1788981234.203511,10.7670529,106.6537208,30.016,3,11,1728123000,87.83323567966738,-36.54351856149539
295981,1788981235.882185,10.7670663,106.6537318,30.097,3,11,1729839000,88.03335202461061,-34.63768602509423
296050,1788981236.543904,10.7670702,106.6537404,29.891,3,11,1730572000,88.5873462823102,-33.76241088531826
296476,1788981239.49867,10.7672893,106.6538625,29.897,3,11,1731298000,86.55539198543364,-6.030621111182491
296618,1788981240.493083,10.7672855,106.6538243,30.195,3,11,1734257000,83.27714910839453,-8.65435644092117
296770,1788981241.27011,10.767305,106.6538265,30.086,3,11,1735201000,82.30040726771071,-6.700905144085866
296975,1788981241.925115,10.7673087,106.6538294,30.193,3,11,1735988000,82.34305361673782,-6.182822214735701
297046,1788981242.627602,10.7673203,106.6538257,30.076,3,11,1736628000,81.30206084392162,-5.318213864858386
297188,1788981243.339561,10.7673211,106.6538151,30.154,3,11,1737355000,80.28029026559875,-5.872917447393711
297420,1788981244.291924,10.7672845,106.6537981,30.082,3,11,1738031000,80.93162132959256,-10.303731071145918
297493,1788981245.075755,10.7672775,106.6538097,29.95,3,11,1739063000,82.4200116776693,-10.26920009480488
297717,1788981245.756433,10.7672661,106.6538087,29.893,3,11,1739761000,83.01730783685562,-11.394224414757922
297845,1788981246.412474,10.7672609,106.653807,30.0,3,11,1740471000,83.17553358719461,-11.981260508128166
297915,1788981247.092148,10.7672509,106.6538047,30.174,3,11,1741107000,83.5688195040874,-13.052617913826438
298213,1788981248.52266,10.7671723,106.6537621,30.022,3,11,1741806000,84.40816202750528,-22.929735948368812
298359,1788981249.221355,10.7671664,106.6537518,29.906,3,11,1743221000,83.81895426032762,-24.092920467654935
298577,1788981249.986076,10.7671789,106.6537367,30.059,3,11,1743914000,81.67668096961108,-23.821176312045328
298649,1788981250.641082,10.7671815,106.6537334,29.902,3,11,1744698000,81.21646859711583,-23.77410768382918
298864,1788981251.450548,10.7672051,106.6537391,30.115,3,11,1745333000,80.313291919728,-21.229551377530367
299008,1788981252.246939,10.7672197,106.6537405,29.952,3,11,1746217000,79.55928898280337,-19.7816461826366
299328,1788981254.044014,10.7672637,106.6537727,29.888,3,11,1747648000,79.8564639337545,-13.756443922052064
299398,1788981254.756362,10.767275,106.6537786,30.085,3,11,1748745000,79.71518565110007,-12.34977884257583
299684,1788981255.476467,10.7672797,106.6537873,30.148,3,11,1749492000,80.23000321499073,-11.393783483601219
299837,1788981256.959089,10.7672811,106.6538001,29.968,3,11,1750947000,81.32081295096548,-10.502782400958736
300061,1788981258.359094,10.7672803,106.6538013,30.04,3,11,1752414000,81.47937021087783,-10.506301597067242
300574,1788981262.60217,10.766893,106.6538791,29.81,3,11,1753049000,112.0360333057273,-42.08979740671518
300871,1788981264.265258,10.7668625,106.6539917,29.828,3,11,1757307000,124.21994483587494,-38.25405263149244
301421,1788981268.472467,10.7669863,106.6543593,30.116,3,11,1759040000,150.49341410692915,-4.851514112050111
301564,1788981269.203704,10.7669825,106.6543454,29.944,3,11,1763177000,149.44666949072632,-6.032184172595947
301736,1788981269.919482,10.7669796,106.6543308,30.198,3,11,1763888000,148.28123823961732,-7.170294626187342
301864,1788981270.656071,10.7669656,106.6543262,29.893,3,11,1764623000,148.705111462618,-8.752146848356134
302013,1788981271.491376,10.7669904,106.6543371,30.06,3,11,1765344000,148.20691732472324,-5.7866139338738805
302235,1788981272.346013,10.7670054,106.6543157,29.829,3,11,1766209000,145.33498302525587,-5.6553050660501185
302593,1788981274.987736,10.766798,106.6542335,29.816,3,11,1767028000,150.32374007339212,-29.923935252304247
302879,1788981277.115769,10.766943,106.6543148,30.026,3,11,1769684000,149.02440050761035,-11.541722848247886
303025,1788981277.802731,10.7669459,106.6543221,29.886,3,11,1771832000,149.51946396915739,-10.837125828726784
303258,1788981279.415289,10.7669489,106.6543289,29.996,3,11,1773448000,149.9625668506211,-10.152873801227372
303397,1788981280.075479,10.7669473,106.6543375,30.088,3,11,1774095000,150.84903483603398,-9.791722700747926
303615,1788981280.810978,10.7669388,106.6543359,29.849,3,11,1774830000,151.21592794419462,-10.681294677037158
303758,1788981281.525876,10.7669243,106.654334,29.941,3,11,1775490000,151.91797030234093,-12.149544863108716
304208,1788981284.717443,10.7667731,106.6542813,30.027,3,11,1777334000,156.21847086998997,-29.412892779048832
304587,1788981287.908949,10.7669327,106.6543714,29.933,3,11,1780315000,154.84467927921537,-9.14332320432635
304731,1788981288.671971,10.7669449,106.6543717,29.921,3,11,1782656000,154.13474146206266,-7.985086987335933
304884,1788981289.403767,10.7669618,106.6543728,29.934,3,11,1783344000,153.2141546962279,-6.340000087228219
305028,1788981290.181892,10.7669756,106.6543737,29.809,3,11,1784150000,152.4625959710334,-4.9965692726137405
305239,1788981290.828659,10.7669774,106.6543667,29.899,3,11,1784858000,151.7109679588584,-5.244008309946395
305618,1788981294.226447,10.7666855,106.6542928,30.001,3,11,1785534000,162.56992945472788,-36.91855444773
305832,1788981295.95558,10.7666128,106.654391,30.141,3,11,1788931000,175.98245188442422,-37.88269300013671
306137,1788981297.690832,10.7666862,106.6542912,30.093,3,11,1790650000,162.38068469087415,-36.94813712160927
306650,1788981301.457398,10.7668086,106.6546154,29.849,3,11,1792390000,184.75330937955462,-6.253792986380887
306799,1788981302.2762,10.7668061,106.654597,30.061,3,11,1796201000,183.21473964517565,-7.58017712853642
307020,1788981303.03511,10.7667985,106.6545872,29.819,3,11,1797014000,182.77421208673852,-8.87258001365781
307160,1788981303.702831,10.766793,106.6545823,30.055,3,11,1797727000,182.65671291496704,-9.677692522560633
307303,1788981304.51919,10.766818,106.6545874,30.104,3,11,1798374000,181.613807838271,-7.037899520537891
307453,1788981305.350781,10.7668296,106.6545706,29.922,3,11,1799255000,179.36982629249076,-6.951239936512721
307975,1788981308.782757,10.7665664,106.6544189,29.986,3,11,1800071000,181.34941174604302,-40.56317763548168
308118,1788981309.655158,10.7665472,106.6544423,29.923,3,11,1803467000,184.658897481757,-40.968319511458716
308422,1788981311.674359,10.7666453,106.6544941,29.934,3,11,1804739000,183.48563154620336,-28.722052366233243
308717,1788981313.479363,10.7666437,106.6544965,30.093,3,11,1807518000,183.80274606602808,-28.72909075845027
308866,1788981314.236076,10.7666261,106.6545005,30.163,3,11,1808158000,185.23398681184068,-30.136746076322908
309089,1788981315.634197,10.7666161,106.6545013,30.164,3,11,1809629000,185.9119494628863,-31.024008734912044
309240,1788981316.268088,10.7666097,106.6545014,29.978,3,11,1810297000,186.30801110238758,-31.61632362278398
309386,1788981317.123283,10.7666054,106.6545286,29.984,3,11,1810960000,189.065753860435,-30.40299220965204
309528,1788981317.91944,10.7666148,106.6545454,30.159,3,11,1811830000,190.0402902637932,-28.52663273416769
309672,1788981318.678681,10.7666249,106.6545516,29.839,3,11,1812656000,189.9991010656609,-27.214324550969735
309971,1788981320.909859,10.7666685,106.6545878,29.923,3,11,1814475000,190.68778073972373,-20.98897152229071
310196,1788981321.87964,10.7667047,106.6546035,30.045,3,11,1815601000,189.94124901706337,-16.672749760798894
310344,1788981322.748165,10.7667311,106.6546142,29.97,3,11,1816570000,189.32796900816703,-13.569530569843891
310555,1788981323.492712,10.7667462,106.6546227,30.103,3,11,1817418000,189.195742736586,-11.653250471322863
310693,1788981324.133521,10.7667527,106.6546255,29.843,3,11,1818152000,189.05994661075573,-10.879370208818912
310767,1788981324.840476,10.7667622,106.6546286,30.077,3,11,1818832000,188.77035054098465,-9.807243030724578
311063,1788981326.713778,10.7667808,106.6546274,30.072,3,11,1820623000,187.53578739846736,-8.139831488966607
311273,1788981327.384542,10.7667916,106.6546313,30.189,3,11,1821361000,187.24107159360346,-6.898675761283144
311415,1788981328.172573,10.7668,106.6546188,29.97,3,11,1822116000,185.58540348400695,-6.855785663132679
311482,1788981328.862756,10.7668065,106.6546129,29.839,3,11,1822864000,184.6506758840564,-6.598558396959476
311791,1788981330.943016,10.7667725,106.6545905,30.133,3,11,1824649000,184.6489490465991,-11.107012736903044
312084,1788981332.264943,10.7667602,106.654595,30.03,3,11,1826224000,185.80572162030913,-11.98954673405241
312227,1788981332.937954,10.7667508,106.6545937,29.945,3,11,1826930000,186.2545688811898,-12.94543247821069
312441,1788981333.640361,10.7667388,106.6545914,29.961,3,11,1827608000,186.76875433548167,-14.203744080092278
312512,1788981334.401684,10.7667261,106.654585,30.174,3,11,1828350000,186.94874669118266,-15.770969798852235
312819,1788981336.57906,10.7666606,106.654552,29.833,3,11,1829981000,187.87777680417764,-23.853437989350994
313111,1788981337.827404,10.7666523,106.6545394,29.936,3,11,1831768000,187.22243671314567,-25.377553968094574
313180,1788981338.45241,10.7666483,106.6545374,29.854,3,11,1832481000,187.2805733788551,-25.87023316502048
313389,1788981339.272335,10.7666479,106.6545122,30.158,3,11,1833121000,184.990606942736,-27.404136134549148
313527,1788981339.950691,10.7666595,106.6545114,30.161,3,11,1833920000,184.2159246631406,-26.36731011826906
313673,1788981340.643015,10.7666673,106.654512,30.061,3,11,1834648000,183.79951518912952,-25.60255751242697
313816,1788981341.384709,10.7666767,106.6545187,30.037,3,11,1835355000,183.8465564310919,-24.325990597055636
313962,1788981342.081898,10.7666858,106.6545145,30.061,3,11,1836066000,182.91077247941047,-23.724767692533902
314183,1788981343.24732,10.7667413,106.6545464,30.198,3,11,1836733000,182.4852257282395,-16.642394425335397
314337,1788981344.10679,10.7667607,106.6545581,30.033,3,11,1837973000,182.38692530397077,-14.134129518915174
314638,1788981346.301563,10.7667642,106.6545685,29.942,3,11,1840277000,183.13039563585156,-13.189351495134389
314944,1788981348.097487,10.766773,106.6545714,29.817,3,11,1842086000,182.86474816318986,-12.194535366335842
315090,1788981348.830673,10.7667714,106.6545803,30.015,3,11,1842821000,183.7787655109217,-11.815568644789977
315304,1788981349.528674,10.7667713,106.6545862,30.03,3,11,1843549000,184.32661459123804,-11.474542483243056
315664,1788981352.461041,10.7666878,106.6548284,30.162,3,11,1844196000,211.61568791596426,-4.896735806466452
315808,1788981353.225185,10.7666757,106.6548176,30.127,3,11,1847148000,211.3553531127027,-6.669171034733424
315951,1788981354.076882,10.7666492,106.6548076,30.18,3,11,1847887000,212.03895994152407,-9.740168154136342
316238,1788981355.502844,10.7665735,106.6547725,29.911,3,11,1848803000,213.39173216752835,-18.900812088617272
316379,1788981356.407714,10.7665463,106.6547657,30.054,3,11,1850218000,214.4115136871061,-21.84720989049623
316601,1788981357.495008,10.7664953,106.6547453,29.98,3,11,1851057000,215.6210953264687,-27.82600409318944
316755,1788981358.26906,10.7664793,106.6547391,30.138,3,11,1852179000,216.01893815985846,-29.689827155020183
316833,1788981359.049369,10.7664703,106.6547603,29.94,3,11,1852908000,218.50980760608917,-29.27215051483438
317039,1788981359.772695,10.7664821,106.6547636,29.805,3,11,1853728000,218.09954330815629,-27.97314893160714
317418,1788981362.298066,10.7665538,106.6548155,29.955,3,11,1855551000,218.53133438718513,-18.188738634910564
317496,1788981363.006481,10.7665581,106.6548209,30.185,3,11,1857011000,218.7672888847329,-17.466105942077775
317702,1788981363.792342,10.7665367,106.6548175,29.902,3,11,1857659000,219.74868783963979,-19.668426208421238
317997,1788981365.749025,10.7665121,106.6548072,29.952,3,11,1859569000,220.28989074698794,-22.57963246178042
318154,1788981366.693714,10.7664734,106.6547933,30.066,3,11,1860380000,221.35284305806098,-27.02265324520178
318362,1788981367.47803,10.7664569,106.6547869,30.018,3,11,1861379000,221.76254453609303,-28.945091935816265
318502,1788981368.871267,10.7665161,106.6548535,30.059,3,11,1862118000,224.29987642386703,-19.456179955975983
318819,1788981370.706757,10.7665429,106.6548689,29.965,3,11,1864486000,224.09402316608657,-16.03645853695079
319039,1788981371.540585,10.7665606,106.6548813,30.009,3,11,1865406000,224.1627691915977,-13.645534915825493
319183,1788981372.477179,10.7665888,106.6549028,29.828,3,11,1866214000,224.43245660345553,-9.732694606773194
319323,1788981373.454648,10.7666258,106.6549238,30.067,3,11,1867125000,224.12427044878993,-5.026948535409986
319535,1788981374.216464,10.7666327,106.6549081,29.934,3,11,1868122000,222.26541713950093,-5.314307370468896
319679,1788981375.430134,10.7665775,106.6548718,30.159,3,11,1868883000,222.2687716611162,-12.629933277603556
319895,1788981376.754527,10.766516,106.6548236,29.951,3,11,1870096000,221.56016839739308,-21.241151185995378
320057,1788981377.672317,10.7665428,106.6548328,29.888,3,11,1871470000,220.78496167380968,-18.18961925933455
320358,1788981378.953649,10.7665639,106.6548432,29.845,3,11,1872797000,220.46451607805528,-15.599644308562517
320429,1788981379.74755,10.7665848,106.6548517,30.133,3,11,1873598000,219.9816811467441,-13.141197042003654
320737,1788981381.619534,10.7666027,106.6548567,29.911,3,11,1875506000,219.35878630796375,-11.171029976304709
320942,1788981382.45157,10.7666147,106.6548376,29.842,3,11,1876302000,216.879413084644,-11.183565977891092
321109,1788981383.274471,10.7665937,106.6548269,30.11,3,11,1877114000,217.16626434396446,-13.782008838456719
321339,1788981384.674726,10.7665561,106.6548042,30.142,3,11,1878326000,217.3546073128545,-18.644796351819124
321656,1788981386.598192,10.7665378,106.654789,29.802,3,11,1880436000,217.0650037766111,-21.258085357659482
321799,1788981387.335813,10.7665302,106.6547748,29.891,3,11,1881244000,216.22041892052775,-22.811784011292275
321869,1788981388.191472,10.7665547,106.6547888,29.883,3,11,1881986000,216.0250364459779,-19.690199479797954
322154,1788981389.438929,10.7666178,106.6548206,30.122,3,11,1882841000,215.1308883315826,-11.903338807894684
322295,1788981390.380349,10.7666473,106.6548332,29.962,3,11,1884138000,214.50469332761813,-8.39750834896347
322806,1788981394.299631,10.7664703,106.6551514,29.891,3,11,1885024000,254.4249915377199,-6.0465197903963315
322961,1788981394.959252,10.7664644,106.6551512,30.146,3,11,1888958000,254.7632789332431,-6.609911748725509
323104,1788981395.651738,10.766473,106.6551433,29.959,3,11,1889597000,253.5179444099724,-6.275153381177262
323249,1788981396.372012,10.7664733,106.6551356,30.095,3,11,1890354000,252.79270920652957,-6.704377847918991
323393,1788981397.110544,10.7664628,106.6551233,29.898,3,11,1891014000,252.29790796757533,-8.416327822125481
323561,1788981397.785476,10.7664583,106.6551178,30.151,3,11,1891772000,252.06486030393248,-9.163594474474607
323919,1788981399.78664,10.7664821,106.6551271,30.097,3,11,1893601000,251.48018600767358,-6.386555301479632
323992,1788981400.659613,10.7664918,106.6551035,30.133,3,11,1894477000,248.72660683343167,-6.881322937706017
324362,1788981403.258442,10.7663022,106.6549976,30.163,3,11,1895304000,250.46295846113742,-30.89349480571653
324590,1788981404.122402,10.7662868,106.6550193,29.801,3,11,1897927000,253.38662202894824,-31.044378892322015
324877,1788981406.037785,10.766413,106.6550879,30.078,3,11,1898760000,252.05748182222698,-15.173730537539129
325019,1788981406.757794,10.7664236,106.6550932,29.904,3,11,1900695000,251.9034196558008,-13.868130667429384
325230,1788981407.542445,10.7664326,106.6551126,29.961,3,11,1901395000,253.1408970974977,-11.874759985778937
325300,1788981408.246657,10.7664369,106.6551237,29.949,3,11,1902184000,253.90028945868772,-10.813630501178523
325442,1788981408.915965,10.766437,106.6551335,29.946,3,11,1902873000,254.79419028234463,-10.22230585170297
325674,1788981409.773871,10.7664175,106.655146,29.948,3,11,1903607000,257.1208508231098,-11.302791739373532
325814,1788981410.542418,10.7664023,106.655149,29.955,3,11,1904444000,258.31518091888967,-12.545487424594228
326032,1788981411.634969,10.7664505,106.6551706,30.145,3,11,1905192000,257.3850560780361,-6.7571666131828465
326172,1788981412.364306,10.7664642,106.6551681,30.01,3,11,1906279000,256.3273162359197,-5.6249938749732
326474,1788981414.003443,10.7664724,106.6551566,29.931,3,11,1907918000,254.77556928529214,-5.541413793789232
327047,1788981418.743578,10.7662393,106.6555414,30.094,3,11,1908672000,304.20305771450506,-4.479422662919234
327344,1788981420.420353,10.7662352,106.6555287,30.158,3,11,1914342000,303.28464547383794,-5.616873370486246
327482,1788981421.161494,10.7662269,106.6555119,30.126,3,11,1915033000,302.2436143236965,-7.390408039054819
327569,1788981421.859571,10.7662225,106.6555074,29.951,3,11,1915844000,302.09635288841815,-8.068941578951268
327766,1788981422.703294,10.7662494,106.6555169,30.07,3,11,1916482000,301.342650548909,-4.9902463221509095
327986,1788981423.993627,10.7661874,106.6554846,30.035,3,11,1917390000,302.1243883144677,-12.70397488790124
328219,1788981425.999162,10.7662103,106.6555071,30.147,3,11,1919745000,302.8062907042659,-9.227177796785611
328432,1788981426.654279,10.7662042,106.6555117,30.009,3,11,1920625000,303.59745783317874,-9.524215245024834
328657,1788981428.230333,10.7661971,106.6555146,30.063,3,11,1922200000,304.29296168277006,-10.01568497577557
328806,1788981428.929762,10.7661849,106.6555161,30.163,3,11,1922856000,305.1681956665597,-11.067027469424858
329107,1788981431.102253,10.7660334,106.6554382,30.088,3,11,1923570000,307.1726848226697,-29.8549306444647
329408,1788981432.872532,10.7660199,106.6554561,30.186,3,11,1926707000,309.6325352527757,-30.053872773216227
329770,1788981435.197442,10.7661862,106.6555426,30.084,3,11,1927507000,307.5231378769688,-9.371794088548455
329871,1788981435.989177,10.7662029,106.655554,30.067,3,11,1929841000,307.56050246603627,-7.1337329682994834
330300,1788981438.521942,10.7662121,106.6555516,30.062,3,11,1932472000,306.78396970415946,-6.416268630685579
330445,1788981439.39005,10.7662395,106.655539,29.896,3,11,1933149000,303.97057287097783,-4.603252208213178
331067,1788981443.601084,10.766079,106.655786,29.951,3,11,1934942000,336.35506816459605,-4.938132153822124
331222,1788981444.272869,10.7660839,106.6557823,30.097,3,11,1938253000,335.7190888420185,-4.699820361084136
331293,1788981444.999322,10.7660775,106.6557747,29.965,3,11,1938944000,335.40805020998647,-5.749402844273078
331583,1788981446.111382,10.7660835,106.655764,30.116,3,11,1940035000,334.06275771458024,-5.823964056613221
331652,1788981446.828457,10.7660767,106.6557501,29.916,3,11,1940722000,333.1973624045297,-7.285065411517053
331799,1788981447.543071,10.7660656,106.6557434,30.066,3,11,1941459000,333.2530857693619,-8.720543393652463
332107,1788981449.337524,10.7660585,106.6557344,29.882,3,11,1943268000,332.85579828940064,-9.91869940836915
332326,1788981450.346062,10.7660234,106.6557143,29.895,3,11,1944007000,333.1317779675242,-14.393392131290625
332401,1788981451.098235,10.7660149,106.6557118,29.924,3,11,1945050000,333.41602299166016,-15.336410969589338
332617,1788981451.791711,10.7660045,106.6557062,29.947,3,11,1945717000,333.53044584221004,-16.641131041429446
332762,1788981452.530952,10.7659952,106.6557152,29.807,3,11,1946445000,334.9191095285861,-16.975999435017286
332904,1788981453.375739,10.7659678,106.6557213,30.068,3,11,1947149000,337.13560353527305,-19.17502097057465
333123,1788981454.025744,10.7659696,106.6557228,29.985,3,11,1948008000,337.1645407587888,-18.91768409042902
333201,1788981454.716286,10.7659612,106.6557297,29.834,3,11,1948648000,338.3059541231979,-19.293132441176823
333346,1788981455.421292,10.7659594,106.6557314,30.136,3,11,1949403000,338.5708767537021,-19.36043603436508
333565,1788981456.234949,10.765935,106.6557355,30.001,3,11,1950038000,340.42235904775794,-21.397797078435985
333635,1788981457.145588,10.7659128,106.6557092,29.876,3,11,1950861000,339.3491832440853,-25.03482472869655
333934,1788981457.90204,10.7659237,106.6556947,30.044,3,11,1951766000,337.3587283050367,-24.877012689156913
334008,1788981458.567046,10.7659255,106.6556913,29.814,3,11,1952547000,336.93769262765545,-24.910664279295474
334083,1788981459.231456,10.7659271,106.6556856,29.981,3,11,1953207000,336.3175351339436,-25.09959771388398
334303,1788981459.955758,10.7659342,106.6556818,29.872,3,11,1953911000,335.539383200435,-24.66157484530879
334447,1788981460.767436,10.765953,106.6556784,30.121,3,11,1954620000,334.09070145532246,-23.106115768138437
334760,1788981462.976275,10.7659116,106.6556549,30.162,3,11,1956566000,334.4352885823861,-28.37162457551665
334916,1788981463.653494,10.7659029,106.6556569,30.099,3,11,1957599000,335.1448639778075,-29.066104525123848
335125,1788981464.298499,10.765902,106.6556588,30.174,3,11,1958276000,335.37374805753757,-29.037401649514237
335197,1788981464.991743,10.7658956,106.6556651,30.009,3,11,1958936000,336.3391631627344,-29.261527044855796
335416,1788981465.691179,10.7658853,106.6556699,30.134,3,11,1959614000,337.40258556125696,-29.939291224589397
335563,1788981467.044963,10.7658846,106.6556758,30.096,3,11,1961018000,337.98670450288967,-29.65435132204692
335848,1788981468.000255,10.7658724,106.6557157,29.83,3,11,1961646000,342.3882567258913,-28.425294378281677
335927,1788981468.68607,10.7658804,106.6557214,30.112,3,11,1962621000,342.42809644004456,-27.338980801946946
336070,1788981469.362788,10.7658807,106.6557314,29.988,3,11,1963296000,343.3282735496637,-26.717083653106812
336283,1788981470.024669,10.7658868,106.6557313,30.092,3,11,1963992000,342.9503468407669,-26.152811894654093
336356,1788981471.256032,10.7659458,106.655766,29.905,3,11,1964648000,342.57035327111555,-18.576989658299652
336647,1788981472.120744,10.7659696,106.6557707,29.909,3,11,1965919000,341.5632554361711,-16.07312333435641
336941,1788981473.759514,10.7659845,106.6557694,30.125,3,11,1967643000,340.5431733165679,-14.757515596072011
337010,1788981474.603374,10.7660038,106.6557473,30.185,3,11,1968356000,337.347023170125,-14.265824987253723
337156,1788981475.28321,10.7660119,106.6557503,30.176,3,11,1969224000,337.13287365537184,-13.330504287196447
337383,1788981476.013354,10.7660205,106.6557436,29.982,3,11,1969933000,335.99773657703236,-12.92448343725016
337452,1788981477.013449,10.7660359,106.6557858,29.938,3,11,1970623000,338.9420869540936,-8.978872161473276
337744,1788981477.752264,10.7660293,106.6557913,29.885,3,11,1971693000,339.84612705021016,-9.269201297800294
337815,1788981478.456079,10.7660177,106.6557968,30.194,3,11,1972356000,341.05241598966336,-10.026915924336464
337888,1788981479.166084,10.7660146,106.6557985,29.861,3,11,1973134000,341.3959233195252,-10.21573974511864
338188,1788981480.215241,10.7660507,106.6558244,30.003,3,11,1973824000,341.59211485637263,-5.3031345927388145
338260,1788981480.914041,10.7660598,106.65582,29.833,3,11,1974838000,340.63796466354444,-4.713788768591314
338403,1788981481.616954,10.7660681,106.6558094,29.944,3,11,1975511000,339.16282081880416,-4.567414116490738
338615,1788981482.417371,10.7660786,106.6557895,29.957,3,11,1976228000,336.7006572856544,-4.767674086490473
